bot,parameter,estimate,low,high,newest_support,effective_support,status,older_versions
Allen Iverson,vpip,0.11,0.1,0.14,702,702,latest_sufficient,[]
Allen Iverson,pfr,0.11,0.1,0.14,709,709,latest_sufficient,[]
Allen Iverson,threebet,0.03,0.02,0.03,636,636,latest_sufficient,[]
Allen Iverson,limp,0.05,0.0,0.1,709,709,latest_sufficient,[]
Allen Iverson,aggression,0.5,0.047500000000000056,0.7000000000000001,198,198,latest_sufficient,[]
Allen Iverson,cbet,0.1,0.0,0.32624999999999893,35,35,still_sparse,[]
Allen Iverson,bluff,0.2,0.05,0.45,198,198,latest_sufficient,[]
Allen Iverson,stickiness,0.9500000000000001,0.8300000000000001,0.9500000000000001,104,104,latest_sufficient,[]
Allen Iverson,size,0.775,0.36,1.085,44,44,still_sparse,[]
Allen Iverson,adaptive,0.0,0.0,0.0,302,302,latest_sufficient,[]
Gladiator,vpip,0.28,0.17,0.61,365,365,latest_sufficient,[]
Gladiator,pfr,0.21,0.11,0.21,366,366,latest_sufficient,[]
Gladiator,threebet,0.06,0.02,0.1,443,443,latest_sufficient,[]
Gladiator,limp,0.25,0.0,0.35000000000000003,366,366,latest_sufficient,[]
Gladiator,aggression,0.5,0.2,0.7000000000000001,392,392,latest_sufficient,[]
Gladiator,cbet,0.8,0.47375,0.9500000000000001,37,39.24443278128389,still_sparse,"[{""age"": 1, ""gap_hours"": 0.23107500003443823, ""age_discount"": 0.1, ""time_discount"": 0.9736583267286272, ""raw_opportunities"": 19, ""weight"": 0.09736583267286272, ""effective_opportunities"": 1.8499508207843918}, {""age"": 2, ""gap_hours"": 0.5425800000296699, ""age_discount"": 0.010000000000000002, ""time_discount"": 0.9392427630940399, ""raw_opportunities"": 42, ""weight"": 0.0093924276309404, ""effective_opportunities"": 0.39448196049949685}]"
Gladiator,bluff,0.30000000000000004,0.12375000000000004,0.8,392,392,latest_sufficient,[]
Gladiator,stickiness,0.99,0.12,1.0,166,166,latest_sufficient,[]
Gladiator,size,0.615,0.51,0.96,122,122,latest_sufficient,[]
Gladiator,adaptive,0.0,0.0,1.0,558,558,latest_sufficient,[]
Invokerv2,vpip,0.93,0.91,0.9500000000000001,535,535,latest_sufficient,[]
Invokerv2,pfr,0.93,0.91,0.9500000000000001,541,541,latest_sufficient,[]
Invokerv2,threebet,0.02,0.0,0.03,683,683,latest_sufficient,[]
Invokerv2,limp,0.2,0.15000000000000002,0.25,541,541,latest_sufficient,[]
Invokerv2,aggression,1.0,1.0,1.0,402,402,latest_sufficient,[]
Invokerv2,cbet,0.9500000000000001,0.7000000000000001,1.0,77,77,latest_sufficient,[]
Invokerv2,bluff,1.0,1.0,1.0,402,402,latest_sufficient,[]
Invokerv2,stickiness,0.07,0.07,0.4,166,166,latest_sufficient,[]
Invokerv2,size,0.33999999999999997,0.335,0.935,257,257,latest_sufficient,[]
Invokerv2,adaptive,0.0,0.0,1.0,568,568,latest_sufficient,[]
MAC Projects Team Testing Bot 3,vpip,0.23,0.22,0.23,3748,3748,latest_sufficient,[]
MAC Projects Team Testing Bot 3,pfr,0.23,0.22,0.23,3765,3765,latest_sufficient,[]
MAC Projects Team Testing Bot 3,threebet,0.06,0.04,0.06,3737,3737,latest_sufficient,[]
MAC Projects Team Testing Bot 3,limp,0.15000000000000002,0.15000000000000002,0.2,3765,3765,latest_sufficient,[]
MAC Projects Team Testing Bot 3,aggression,0.15000000000000002,0.15000000000000002,0.45,1391,1391,latest_sufficient,[]
MAC Projects Team Testing Bot 3,cbet,0.8500000000000001,0.75,0.9500000000000001,470,470,latest_sufficient,[]
MAC Projects Team Testing Bot 3,bluff,1.0,1.0,1.0,1391,1391,latest_sufficient,[]
MAC Projects Team Testing Bot 3,stickiness,0.2,0.0,0.26,602,602,latest_sufficient,[]
MAC Projects Team Testing Bot 3,size,0.365,0.36,0.375,549,549,latest_sufficient,[]
MAC Projects Team Testing Bot 3,adaptive,0.0,0.0,1.0,1993,1993,latest_sufficient,[]
RaiseYourEdge,vpip,0.15,0.13,0.15,3950,3950,latest_sufficient,[]
RaiseYourEdge,pfr,0.15,0.13,0.15,3974,3974,latest_sufficient,[]
RaiseYourEdge,threebet,0.05,0.05,0.05,3638,3638,latest_sufficient,[]
RaiseYourEdge,limp,0.15000000000000002,0.05,0.15000000000000002,3974,3974,latest_sufficient,[]
RaiseYourEdge,aggression,0.35000000000000003,0.0,0.7000000000000001,1372,1372,latest_sufficient,[]
RaiseYourEdge,cbet,0.2,0.1,0.30000000000000004,487,487,latest_sufficient,[]
RaiseYourEdge,bluff,0.55,0.30000000000000004,0.65,1372,1372,latest_sufficient,[]
RaiseYourEdge,stickiness,0.17,0.06,0.31,761,761,latest_sufficient,[]
RaiseYourEdge,size,0.365,0.36,0.89,336,336,latest_sufficient,[]
RaiseYourEdge,adaptive,0.0,0.0,0.0,2133,2133,latest_sufficient,[]
Thanos,vpip,0.19,0.18,0.27,820,820,latest_sufficient,[]
Thanos,pfr,0.19,0.18,0.27,831,831,latest_sufficient,[]
Thanos,threebet,0.07,0.04,0.08,801,801,latest_sufficient,[]
Thanos,limp,0.05,0.0,0.2,831,831,latest_sufficient,[]
Thanos,aggression,0.5,0.0,0.8,479,479,latest_sufficient,[]
Thanos,cbet,0.2,0.05,0.30000000000000004,97,97,latest_sufficient,[]
Thanos,bluff,0.35000000000000003,0.25,0.65,479,479,latest_sufficient,[]
Thanos,stickiness,0.87,0.84,0.9,269,269,latest_sufficient,[]
Thanos,size,0.665,0.347375,0.6799999999999999,152,152,latest_sufficient,[]
Thanos,adaptive,0.0,0.0,0.0,748,748,latest_sufficient,[]
best-bot,vpip,0.23,0.23,0.23,3797,3797,latest_sufficient,[]
best-bot,pfr,0.23,0.23,0.23,3813,3813,latest_sufficient,[]
best-bot,threebet,0.05,0.05,0.07,4146,4146,latest_sufficient,[]
best-bot,limp,0.15000000000000002,0.1,0.15000000000000002,3813,3813,latest_sufficient,[]
best-bot,aggression,0.5,0.5,0.7000000000000001,1315,1315,latest_sufficient,[]
best-bot,cbet,0.6000000000000001,0.5,0.65,477,477,latest_sufficient,[]
best-bot,bluff,0.9,0.8,1.0,1315,1315,latest_sufficient,[]
best-bot,stickiness,0.9,0.37,1.0,788,788,latest_sufficient,[]
best-bot,size,0.905,0.745,0.915,513,513,latest_sufficient,[]
best-bot,adaptive,0.0,0.0,1.0,2103,2103,latest_sufficient,[]
finian sucks,vpip,0.03,0.03,0.03,5270,5270,latest_sufficient,[]
finian sucks,pfr,0.01,0.01,0.03,5297,5297,latest_sufficient,[]
finian sucks,threebet,0.01,0.01,0.03,5541,5541,latest_sufficient,[]
finian sucks,limp,0.8500000000000001,0.75,0.9500000000000001,5297,5297,latest_sufficient,[]
finian sucks,aggression,0.65,0.65,1.0,683,683,latest_sufficient,[]
finian sucks,cbet,0.0,0.0,0.0,73,73,latest_sufficient,[]
finian sucks,bluff,0.25,0.05,0.35000000000000003,683,683,latest_sufficient,[]
finian sucks,stickiness,0.18,0.01,0.26,407,407,latest_sufficient,[]
finian sucks,size,0.5449999999999999,0.54,0.56,305,305,latest_sufficient,[]
finian sucks,adaptive,0.0,0.0,1.0,1090,1090,latest_sufficient,[]
idc,vpip,0.15,0.11,0.23,658,658,latest_sufficient,[]
idc,pfr,0.15,0.11,0.22,683,683,latest_sufficient,[]
idc,threebet,0.02,0.01,0.05,549,549,latest_sufficient,[]
idc,limp,0.15000000000000002,0.0,0.30000000000000004,683,683,latest_sufficient,[]
idc,aggression,0.7000000000000001,0.37375,0.7000000000000001,257,257,latest_sufficient,[]
idc,cbet,0.55,0.45,0.65,60,60,latest_sufficient,[]
idc,bluff,0.5,0.25,0.65,257,257,latest_sufficient,[]
idc,stickiness,0.53,0.27,0.93,91,97.07431801231058,still_sparse,"[{""age"": 1, ""gap_hours"": 0.20524555557303958, ""age_discount"": 0.1, ""time_discount"": 0.9765679983123509, ""raw_opportunities"": 59, ""weight"": 0.0976567998312351, ""effective_opportunities"": 5.761751190042871}, {""age"": 2, ""gap_hours"": 0.34690249999364214, ""age_discount"": 0.010000000000000002, ""time_discount"": 0.9607166637420248, ""raw_opportunities"": 29, ""weight"": 0.00960716663742025, ""effective_opportunities"": 0.2786078324851873}, {""age"": 3, ""gap_hours"": 0.38610972225666046, ""age_discount"": 0.0010000000000000002, ""time_discount"": 0.9563750374917719, ""raw_opportunities"": 9, ""weight"": 0.0009563750374917721, ""effective_opportunities"": 0.008607375337425949}, {""age"": 4, ""gap_hours"": 9.725665000014835, ""age_discount"": 0.00010000000000000002, ""time_discount"": 0.32512261887174276, ""raw_opportunities"": 765, ""weight"": 3.251226188717428e-05, ""effective_opportunities"": 0.024871880343688327}, {""age"": 5, ""gap_hours"": 10.493093888892068, ""age_discount"": 1.0000000000000003e-05, ""time_discount"": 0.2975390682590107, ""raw_opportunities"": 156, ""weight"": 2.9753906825901077e-06, ""effective_opportunities"": 0.0004641609464840568}, {""age"": 6, ""gap_hours"": 10.777618611123827, ""age_discount"": 1.0000000000000004e-06, ""time_discount"": 0.2879180679585417, ""raw_opportunities"": 52, ""weight"": 2.879180679585418e-07, ""effective_opportunities"": 1.4971739533844173e-05}, {""age"": 7, ""gap_hours"": 10.944780555566153, ""age_discount"": 1.0000000000000004e-07, ""time_discount"": 0.28241133652791517, ""raw_opportunities"": 15, ""weight"": 2.8241133652791528e-08, ""effective_opportunities"": 4.236170047918729e-07}, {""age"": 8, ""gap_hours"": 11.608159444464578, ""age_discount"": 1.0000000000000005e-08, ""time_discount"": 0.26157684794101, ""raw_opportunities"": 36, ""weight"": 2.6157684794101013e-09, ""effective_opportunities"": 9.416766525876364e-08}, {""age"": 9, ""gap_hours"": 13.445483611159855, ""age_discount"": 1.0000000000000005e-09, ""time_discount"": 0.2115522690465541, ""raw_opportunities"": 385, ""weight"": 2.115522690465542e-10, ""effective_opportunities"": 8.144762358292337e-08}, {""age"": 10, ""gap_hours"": 14.037336944474115, ""age_discount"": 1.0000000000000006e-10, ""time_discount"": 0.19757110101815917, ""raw_opportunities"": 91, ""weight"": 1.9757110101815927e-11, ""effective_opportunities"": 1.7978970192652493e-09}, {""age"": 11, ""gap_hours"": 15.673534722261959, ""age_discount"": 1.0000000000000006e-11, ""time_discount"": 0.16354326045712966, ""raw_opportunities"": 222, ""weight"": 1.6354326045712977e-12, ""effective_opportunities"": 3.630660382148281e-10}, {""age"": 12, ""gap_hours"": 16.697119444476233, ""age_discount"": 1.0000000000000006e-12, ""time_discount"": 0.14530404385272055, ""raw_opportunities"": 148, ""weight"": 1.4530404385272063e-13, ""effective_opportunities"": 2.1504998490202653e-11}, {""age"": 13, ""gap_hours"": 17.21547750002808, ""age_discount"": 1.0000000000000007e-13, ""time_discount"": 0.13685819687246115, ""raw_opportunities"": 46, ""weight"": 1.3685819687246124e-14, ""effective_opportunities"": 6.295477056133217e-13}]"
idc,size,1.1,0.755,1.2550000000000001,92,92,latest_sufficient,[]
idc,adaptive,0.0,0.0,0.0,348,348,latest_sufficient,[]
larp larp sahur,vpip,0.23,0.16,0.23,1009,1009,latest_sufficient,[]
larp larp sahur,pfr,0.23,0.16,0.23,1066,1066,latest_sufficient,[]
larp larp sahur,threebet,0.03,0.03,0.04,687,687,latest_sufficient,[]
larp larp sahur,limp,0.2,0.05,0.25,1066,1066,latest_sufficient,[]
larp larp sahur,aggression,0.5,0.5,0.7000000000000001,673,673,latest_sufficient,[]
larp larp sahur,cbet,0.2,0.1,0.35000000000000003,191,191,latest_sufficient,[]
larp larp sahur,bluff,0.5,0.4,0.6000000000000001,673,673,latest_sufficient,[]
larp larp sahur,stickiness,0.06,0.06,0.49,276,276,latest_sufficient,[]
larp larp sahur,size,0.88,0.83,0.96,231,231,latest_sufficient,[]
larp larp sahur,adaptive,0.0,0.0,0.0,949,949,latest_sufficient,[]
merch where,vpip,0.1,0.03,0.38,1096,1096,latest_sufficient,[]
merch where,pfr,0.1,0.03,0.38,1151,1151,latest_sufficient,[]
merch where,threebet,0.1,0.03,0.15524999999999978,905,905,latest_sufficient,[]
merch where,limp,0.30000000000000004,0.0,0.45,1151,1151,latest_sufficient,[]
merch where,aggression,0.15000000000000002,0.15000000000000002,0.30000000000000004,1051,1051,latest_sufficient,[]
merch where,cbet,0.0,0.0,0.05,311,311,latest_sufficient,[]
merch where,bluff,0.9,0.8,1.0,1051,1051,latest_sufficient,[]
merch where,stickiness,0.37,0.07,0.75,414,414,latest_sufficient,[]
merch where,size,1.5,1.5,1.5,388,388,latest_sufficient,[]
merch where,adaptive,0.0,0.0,0.0,1465,1465,latest_sufficient,[]
pocket-nuts,vpip,0.17,0.16,0.23,5528,5528,latest_sufficient,[]
pocket-nuts,pfr,0.17,0.16,0.23,5563,5563,latest_sufficient,[]
pocket-nuts,threebet,0.06,0.06,0.06,5360,5360,latest_sufficient,[]
pocket-nuts,limp,0.1,0.05,0.2,5563,5563,latest_sufficient,[]
pocket-nuts,aggression,0.5,0.2,0.7000000000000001,2050,2050,latest_sufficient,[]
pocket-nuts,cbet,0.4,0.25,0.55,546,546,latest_sufficient,[]
pocket-nuts,bluff,0.75,0.55,0.9,2050,2050,latest_sufficient,[]
pocket-nuts,stickiness,0.37,0.28,0.91,916,916,latest_sufficient,[]
pocket-nuts,size,0.54,0.53,0.885,764,764,latest_sufficient,[]
pocket-nuts,adaptive,0.0,0.0,1.0,2966,2966,latest_sufficient,[]
radishv2,vpip,0.38,0.36,0.38,3770,3770,latest_sufficient,[]
radishv2,pfr,0.38,0.36,0.38,3794,3794,latest_sufficient,[]
radishv2,threebet,0.02,0.02,0.02,3452,3452,latest_sufficient,[]
radishv2,limp,0.2,0.2,0.25,3794,3794,latest_sufficient,[]
radishv2,aggression,0.05,0.0,0.35000000000000003,2722,2722,latest_sufficient,[]
radishv2,cbet,0.35000000000000003,0.25,0.45,478,478,latest_sufficient,[]
radishv2,bluff,0.35000000000000003,0.15000000000000002,0.35000000000000003,2722,2722,latest_sufficient,[]
radishv2,stickiness,0.43,0.22475,0.44,1820,1820,latest_sufficient,[]
radishv2,size,0.7150000000000001,0.71,0.7150000000000001,523,523,latest_sufficient,[]
radishv2,adaptive,0.0,0.0,1.0,4542,4542,latest_sufficient,[]
testQ,vpip,0.22,0.22,0.25149999999999867,205,205,latest_sufficient,[]
testQ,pfr,0.22,0.17,0.25149999999999867,206,206,latest_sufficient,[]
testQ,threebet,0.03,0.03,0.07,163,163,latest_sufficient,[]
testQ,limp,0.0,0.0,0.1,206,206,latest_sufficient,[]
testQ,aggression,0.7000000000000001,0.0,0.7000000000000001,73,89.63004387347038,still_sparse,"[{""age"": 1, ""gap_hours"": 0.3434633333153195, ""age_discount"": 0.1, ""time_discount"": 0.9610984401045949, ""raw_opportunities"": 140, ""weight"": 0.0961098440104595, ""effective_opportunities"": 13.45537816146433}, {""age"": 2, ""gap_hours"": 0.9661319444576899, ""age_discount"": 0.010000000000000002, ""time_discount"": 0.8943912686322674, ""raw_opportunities"": 272, ""weight"": 0.008943912686322676, ""effective_opportunities"": 2.4327442506797676}, {""age"": 3, ""gap_hours"": 1.5808205555544959, ""age_discount"": 0.0010000000000000002, ""time_discount"": 0.8330817087896403, ""raw_opportunities"": 855, ""weight"": 0.0008330817087896404, ""effective_opportunities"": 0.7122848610151425}, {""age"": 4, ""gap_hours"": 1.864119166665607, ""age_discount"": 0.00010000000000000002, ""time_discount"": 0.8062579981244494, ""raw_opportunities"": 323, ""weight"": 8.062579981244496e-05, ""effective_opportunities"": 0.026042133339419724}, {""age"": 5, ""gap_hours"": 2.7523991666899787, ""age_discount"": 1.0000000000000003e-05, ""time_discount"": 0.7276248930603216, ""raw_opportunities"": 494, ""weight"": 7.276248930603218e-06, ""effective_opportunities"": 0.0035944669717179896}]"
testQ,cbet,0.30000000000000004,0.0,0.7000000000000001,29,33.09295424534051,still_sparse,"[{""age"": 1, ""gap_hours"": 0.3434633333153195, ""age_discount"": 0.1, ""time_discount"": 0.9610984401045949, ""raw_opportunities"": 37, ""weight"": 0.0961098440104595, ""effective_opportunities"": 3.5560642283870014}, {""age"": 2, ""gap_hours"": 0.9661319444576899, ""age_discount"": 0.010000000000000002, ""time_discount"": 0.8943912686322674, ""raw_opportunities"": 60, ""weight"": 0.008943912686322676, ""effective_opportunities"": 0.5366347611793606}, {""age"": 4, ""gap_hours"": 1.864119166665607, ""age_discount"": 0.00010000000000000002, ""time_discount"": 0.8062579981244494, ""raw_opportunities"": 1, ""weight"": 8.062579981244496e-05, ""effective_opportunities"": 8.062579981244496e-05}, {""age"": 5, ""gap_hours"": 2.7523991666899787, ""age_discount"": 1.0000000000000003e-05, ""time_discount"": 0.7276248930603216, ""raw_opportunities"": 24, ""weight"": 7.276248930603218e-06, ""effective_opportunities"": 0.00017462997433447723}]"
testQ,bluff,0.65,0.4,0.9,73,89.63004387347038,still_sparse,"[{""age"": 1, ""gap_hours"": 0.3434633333153195, ""age_discount"": 0.1, ""time_discount"": 0.9610984401045949, ""raw_opportunities"": 140, ""weight"": 0.0961098440104595, ""effective_opportunities"": 13.45537816146433}, {""age"": 2, ""gap_hours"": 0.9661319444576899, ""age_discount"": 0.010000000000000002, ""time_discount"": 0.8943912686322674, ""raw_opportunities"": 272, ""weight"": 0.008943912686322676, ""effective_opportunities"": 2.4327442506797676}, {""age"": 3, ""gap_hours"": 1.5808205555544959, ""age_discount"": 0.0010000000000000002, ""time_discount"": 0.8330817087896403, ""raw_opportunities"": 855, ""weight"": 0.0008330817087896404, ""effective_opportunities"": 0.7122848610151425}, {""age"": 4, ""gap_hours"": 1.864119166665607, ""age_discount"": 0.00010000000000000002, ""time_discount"": 0.8062579981244494, ""raw_opportunities"": 323, ""weight"": 8.062579981244496e-05, ""effective_opportunities"": 0.026042133339419724}, {""age"": 5, ""gap_hours"": 2.7523991666899787, ""age_discount"": 1.0000000000000003e-05, ""time_discount"": 0.7276248930603216, ""raw_opportunities"": 494, ""weight"": 7.276248930603218e-06, ""effective_opportunities"": 0.0035944669717179896}]"
testQ,stickiness,0.14,0.00950000000000001,0.8,45,53.605127154265176,still_sparse,"[{""age"": 1, ""gap_hours"": 0.3434633333153195, ""age_discount"": 0.1, ""time_discount"": 0.9610984401045949, ""raw_opportunities"": 71, ""weight"": 0.0961098440104595, ""effective_opportunities"": 6.823798924742624}, {""age"": 2, ""gap_hours"": 0.9661319444576899, ""age_discount"": 0.010000000000000002, ""time_discount"": 0.8943912686322674, ""raw_opportunities"": 144, ""weight"": 0.008943912686322676, ""effective_opportunities"": 1.2879234268304653}, {""age"": 3, ""gap_hours"": 1.5808205555544959, ""age_discount"": 0.0010000000000000002, ""time_discount"": 0.8330817087896403, ""raw_opportunities"": 564, ""weight"": 0.0008330817087896404, ""effective_opportunities"": 0.4698580837573572}, {""age"": 4, ""gap_hours"": 1.864119166665607, ""age_discount"": 0.00010000000000000002, ""time_discount"": 0.8062579981244494, ""raw_opportunities"": 274, ""weight"": 8.062579981244496e-05, ""effective_opportunities"": 0.02209146914860992}, {""age"": 5, ""gap_hours"": 2.7523991666899787, ""age_discount"": 1.0000000000000003e-05, ""time_discount"": 0.7276248930603216, ""raw_opportunities"": 200, ""weight"": 7.276248930603218e-06, ""effective_opportunities"": 0.0014552497861206437}]"
testQ,size,0.75,0.33,0.75,21,27.437533471832424,still_sparse,"[{""age"": 1, ""gap_hours"": 0.3434633333153195, ""age_discount"": 0.1, ""time_discount"": 0.9610984401045949, ""raw_opportunities"": 55, ""weight"": 0.0961098440104595, ""effective_opportunities"": 5.286041420575272}, {""age"": 2, ""gap_hours"": 0.9661319444576899, ""age_discount"": 0.010000000000000002, ""time_discount"": 0.8943912686322674, ""raw_opportunities"": 103, ""weight"": 0.008943912686322676, ""effective_opportunities"": 0.9212230066912356}, {""age"": 3, ""gap_hours"": 1.5808205555544959, ""age_discount"": 0.0010000000000000002, ""time_discount"": 0.8330817087896403, ""raw_opportunities"": 264, ""weight"": 0.0008330817087896404, ""effective_opportunities"": 0.21993357112046508}, {""age"": 4, ""gap_hours"": 1.864119166665607, ""age_discount"": 0.00010000000000000002, ""time_discount"": 0.8062579981244494, ""raw_opportunities"": 117, ""weight"": 8.062579981244496e-05, ""effective_opportunities"": 0.00943321857805606}, {""age"": 5, ""gap_hours"": 2.7523991666899787, ""age_discount"": 1.0000000000000003e-05, ""time_discount"": 0.7276248930603216, ""raw_opportunities"": 124, ""weight"": 7.276248930603218e-06, ""effective_opportunities"": 0.000902254867394799}]"
testQ,adaptive,0.0,0.0,1.0,118,143.23517102773556,still_sparse,"[{""age"": 1, ""gap_hours"": 0.3434633333153195, ""age_discount"": 0.1, ""time_discount"": 0.9610984401045949, ""raw_opportunities"": 211, ""weight"": 0.0961098440104595, ""effective_opportunities"": 20.279177086206953}, {""age"": 2, ""gap_hours"": 0.9661319444576899, ""age_discount"": 0.010000000000000002, ""time_discount"": 0.8943912686322674, ""raw_opportunities"": 416, ""weight"": 0.008943912686322676, ""effective_opportunities"": 3.720667677510233}, {""age"": 3, ""gap_hours"": 1.5808205555544959, ""age_discount"": 0.0010000000000000002, ""time_discount"": 0.8330817087896403, ""raw_opportunities"": 1419, ""weight"": 0.0008330817087896404, ""effective_opportunities"": 1.1821429447724998}, {""age"": 4, ""gap_hours"": 1.864119166665607, ""age_discount"": 0.00010000000000000002, ""time_discount"": 0.8062579981244494, ""raw_opportunities"": 597, ""weight"": 8.062579981244496e-05, ""effective_opportunities"": 0.04813360248802964}, {""age"": 5, ""gap_hours"": 2.7523991666899787, ""age_discount"": 1.0000000000000003e-05, ""time_discount"": 0.7276248930603216, ""raw_opportunities"": 694, ""weight"": 7.276248930603218e-06, ""effective_opportunities"": 0.005049716757838633}]"
tripi tropi,vpip,0.17,0.15475,0.17,1578,1578,latest_sufficient,[]
tripi tropi,pfr,0.17,0.15475,0.17,1588,1588,latest_sufficient,[]
tripi tropi,threebet,0.03,0.03,0.03,1280,1280,latest_sufficient,[]
tripi tropi,limp,0.1,0.05,0.15000000000000002,1588,1588,latest_sufficient,[]
tripi tropi,aggression,0.5,0.5,0.7000000000000001,465,465,latest_sufficient,[]
tripi tropi,cbet,0.6000000000000001,0.4,0.75,124,124,latest_sufficient,[]
tripi tropi,bluff,0.25,0.05,0.30000000000000004,465,465,latest_sufficient,[]
tripi tropi,stickiness,0.87,0.62,0.93,255,255,latest_sufficient,[]
tripi tropi,size,0.745,0.595,0.755,126,126,latest_sufficient,[]
tripi tropi,adaptive,0.0,0.0,1.0,720,720,latest_sufficient,[]
yep,vpip,0.17,0.17,0.23,0,10.523356214116669,still_sparse,"[{""age"": 1, ""gap_hours"": 12.464257499972978, ""age_discount"": 0.1, ""time_discount"": 0.23694493878356482, ""raw_opportunities"": 413, ""weight"": 0.023694493878356482, ""effective_opportunities"": 9.785825971761227}, {""age"": 2, ""gap_hours"": 12.682698888844914, ""age_discount"": 0.010000000000000002, ""time_discount"": 0.23104036823848595, ""raw_opportunities"": 226, ""weight"": 0.00231040368238486, ""effective_opportunities"": 0.5221512322189783}, {""age"": 3, ""gap_hours"": 13.57463277777036, ""age_discount"": 0.0010000000000000002, ""time_discount"": 0.20841936048015494, ""raw_opportunities"": 1029, ""weight"": 0.000208419360480155, ""effective_opportunities"": 0.2144635219340795}, {""age"": 4, ""gap_hours"": 13.589341944389872, ""age_discount"": 0.00010000000000000002, ""time_discount"": 0.20806550054166398, ""raw_opportunities"": 44, ""weight"": 2.0806550054166403e-05, ""effective_opportunities"": 0.0009154882023833218}]"
yep,pfr,0.17,0.17,0.23,0,10.775434897707477,still_sparse,"[{""age"": 1, ""gap_hours"": 12.464257499972978, ""age_discount"": 0.1, ""time_discount"": 0.23694493878356482, ""raw_opportunities"": 423, ""weight"": 0.023694493878356482, ""effective_opportunities"": 10.022770910544791}, {""age"": 2, ""gap_hours"": 12.682698888844914, ""age_discount"": 0.010000000000000002, ""time_discount"": 0.23104036823848595, ""raw_opportunities"": 232, ""weight"": 0.00231040368238486, ""effective_opportunities"": 0.5360136543132875}, {""age"": 3, ""gap_hours"": 13.57463277777036, ""age_discount"": 0.0010000000000000002, ""time_discount"": 0.20841936048015494, ""raw_opportunities"": 1035, ""weight"": 0.000208419360480155, ""effective_opportunities"": 0.21571403809696044}, {""age"": 4, ""gap_hours"": 13.589341944389872, ""age_discount"": 0.00010000000000000002, ""time_discount"": 0.20806550054166398, ""raw_opportunities"": 45, ""weight"": 2.0806550054166403e-05, ""effective_opportunities"": 0.0009362947524374881}]"
yep,threebet,0.05,0.03,0.05,0,8.837737838653815,still_sparse,"[{""age"": 1, ""gap_hours"": 12.464257499972978, ""age_discount"": 0.1, ""time_discount"": 0.23694493878356482, ""raw_opportunities"": 341, ""weight"": 0.023694493878356482, ""effective_opportunities"": 8.07982241251956}, {""age"": 2, ""gap_hours"": 12.682698888844914, ""age_discount"": 0.010000000000000002, ""time_discount"": 0.23104036823848595, ""raw_opportunities"": 239, ""weight"": 0.00231040368238486, ""effective_opportunities"": 0.5521864800899815}, {""age"": 3, ""gap_hours"": 13.57463277777036, ""age_discount"": 0.0010000000000000002, ""time_discount"": 0.20841936048015494, ""raw_opportunities"": 982, ""weight"": 0.000208419360480155, ""effective_opportunities"": 0.2046678119915122}, {""age"": 4, ""gap_hours"": 13.589341944389872, ""age_discount"": 0.00010000000000000002, ""time_discount"": 0.20806550054166398, ""raw_opportunities"": 51, ""weight"": 2.0806550054166403e-05, ""effective_opportunities"": 0.0010611340527624865}]"
yep,limp,0.1,0.05,0.2,0,10.775434897707477,still_sparse,"[{""age"": 1, ""gap_hours"": 12.464257499972978, ""age_discount"": 0.1, ""time_discount"": 0.23694493878356482, ""raw_opportunities"": 423, ""weight"": 0.023694493878356482, ""effective_opportunities"": 10.022770910544791}, {""age"": 2, ""gap_hours"": 12.682698888844914, ""age_discount"": 0.010000000000000002, ""time_discount"": 0.23104036823848595, ""raw_opportunities"": 232, ""weight"": 0.00231040368238486, ""effective_opportunities"": 0.5360136543132875}, {""age"": 3, ""gap_hours"": 13.57463277777036, ""age_discount"": 0.0010000000000000002, ""time_discount"": 0.20841936048015494, ""raw_opportunities"": 1035, ""weight"": 0.000208419360480155, ""effective_opportunities"": 0.21571403809696044}, {""age"": 4, ""gap_hours"": 13.589341944389872, ""age_discount"": 0.00010000000000000002, ""time_discount"": 0.20806550054166398, ""raw_opportunities"": 45, ""weight"": 2.0806550054166403e-05, ""effective_opportunities"": 0.0009362947524374881}]"
yep,aggression,0.5,0.5,0.7000000000000001,0,3.603265351050451,still_sparse,"[{""age"": 1, ""gap_hours"": 12.464257499972978, ""age_discount"": 0.1, ""time_discount"": 0.23694493878356482, ""raw_opportunities"": 137, ""weight"": 0.023694493878356482, ""effective_opportunities"": 3.246145661334838}, {""age"": 2, ""gap_hours"": 12.682698888844914, ""age_discount"": 0.010000000000000002, ""time_discount"": 0.23104036823848595, ""raw_opportunities"": 125, ""weight"": 0.00231040368238486, ""effective_opportunities"": 0.28880046029810746}, {""age"": 3, ""gap_hours"": 13.57463277777036, ""age_discount"": 0.0010000000000000002, ""time_discount"": 0.20841936048015494, ""raw_opportunities"": 326, ""weight"": 0.000208419360480155, ""effective_opportunities"": 0.06794471151653053}, {""age"": 4, ""gap_hours"": 13.589341944389872, ""age_discount"": 0.00010000000000000002, ""time_discount"": 0.20806550054166398, ""raw_opportunities"": 18, ""weight"": 2.0806550054166403e-05, ""effective_opportunities"": 0.00037451790097499523}]"
yep,cbet,0.65,0.45,0.8500000000000001,0,1.0603607690594667,still_sparse,"[{""age"": 1, ""gap_hours"": 12.464257499972978, ""age_discount"": 0.1, ""time_discount"": 0.23694493878356482, ""raw_opportunities"": 42, ""weight"": 0.023694493878356482, ""effective_opportunities"": 0.9951687428909722}, {""age"": 2, ""gap_hours"": 12.682698888844914, ""age_discount"": 0.010000000000000002, ""time_discount"": 0.23104036823848595, ""raw_opportunities"": 21, ""weight"": 0.00231040368238486, ""effective_opportunities"": 0.048518477330082056}, {""age"": 3, ""gap_hours"": 13.57463277777036, ""age_discount"": 0.0010000000000000002, ""time_discount"": 0.20841936048015494, ""raw_opportunities"": 80, ""weight"": 0.000208419360480155, ""effective_opportunities"": 0.0166735488384124}]"
yep,bluff,0.35000000000000003,0.15000000000000002,0.5,0,3.603265351050451,still_sparse,"[{""age"": 1, ""gap_hours"": 12.464257499972978, ""age_discount"": 0.1, ""time_discount"": 0.23694493878356482, ""raw_opportunities"": 137, ""weight"": 0.023694493878356482, ""effective_opportunities"": 3.246145661334838}, {""age"": 2, ""gap_hours"": 12.682698888844914, ""age_discount"": 0.010000000000000002, ""time_discount"": 0.23104036823848595, ""raw_opportunities"": 125, ""weight"": 0.00231040368238486, ""effective_opportunities"": 0.28880046029810746}, {""age"": 3, ""gap_hours"": 13.57463277777036, ""age_discount"": 0.0010000000000000002, ""time_discount"": 0.20841936048015494, ""raw_opportunities"": 326, ""weight"": 0.000208419360480155, ""effective_opportunities"": 0.06794471151653053}, {""age"": 4, ""gap_hours"": 13.589341944389872, ""age_discount"": 0.00010000000000000002, ""time_discount"": 0.20806550054166398, ""raw_opportunities"": 18, ""weight"": 2.0806550054166403e-05, ""effective_opportunities"": 0.00037451790097499523}]"
yep,stickiness,0.24,0.2,0.88,0,1.8793978780907994,still_sparse,"[{""age"": 1, ""gap_hours"": 12.464257499972978, ""age_discount"": 0.1, ""time_discount"": 0.23694493878356482, ""raw_opportunities"": 72, ""weight"": 0.023694493878356482, ""effective_opportunities"": 1.7060035592416667}, {""age"": 2, ""gap_hours"": 12.682698888844914, ""age_discount"": 0.010000000000000002, ""time_discount"": 0.23104036823848595, ""raw_opportunities"": 58, ""weight"": 0.00231040368238486, ""effective_opportunities"": 0.13400341357832188}, {""age"": 3, ""gap_hours"": 13.57463277777036, ""age_discount"": 0.0010000000000000002, ""time_discount"": 0.20841936048015494, ""raw_opportunities"": 188, ""weight"": 0.000208419360480155, ""effective_opportunities"": 0.03918283977026914}, {""age"": 4, ""gap_hours"": 13.589341944389872, ""age_discount"": 0.00010000000000000002, ""time_discount"": 0.20806550054166398, ""raw_opportunities"": 10, ""weight"": 2.0806550054166403e-05, ""effective_opportunities"": 0.00020806550054166403}]"
yep,size,0.76,0.595,0.765,0,1.091559156792971,still_sparse,"[{""age"": 1, ""gap_hours"": 12.464257499972978, ""age_discount"": 0.1, ""time_discount"": 0.23694493878356482, ""raw_opportunities"": 41, ""weight"": 0.023694493878356482, ""effective_opportunities"": 0.9714742490126158}, {""age"": 2, ""gap_hours"": 12.682698888844914, ""age_discount"": 0.010000000000000002, ""time_discount"": 0.23104036823848595, ""raw_opportunities"": 43, ""weight"": 0.00231040368238486, ""effective_opportunities"": 0.09934735834254897}, {""age"": 3, ""gap_hours"": 13.57463277777036, ""age_discount"": 0.0010000000000000002, ""time_discount"": 0.20841936048015494, ""raw_opportunities"": 99, ""weight"": 0.000208419360480155, ""effective_opportunities"": 0.020633516687535346}, {""age"": 4, ""gap_hours"": 13.589341944389872, ""age_discount"": 0.00010000000000000002, ""time_discount"": 0.20806550054166398, ""raw_opportunities"": 5, ""weight"": 2.0806550054166403e-05, ""effective_opportunities"": 0.00010403275027083202}]"
yep,adaptive,0.0,0.0,0.0,0,5.4826632291412505,still_sparse,"[{""age"": 1, ""gap_hours"": 12.464257499972978, ""age_discount"": 0.1, ""time_discount"": 0.23694493878356482, ""raw_opportunities"": 209, ""weight"": 0.023694493878356482, ""effective_opportunities"": 4.952149220576505}, {""age"": 2, ""gap_hours"": 12.682698888844914, ""age_discount"": 0.010000000000000002, ""time_discount"": 0.23104036823848595, ""raw_opportunities"": 183, ""weight"": 0.00231040368238486, ""effective_opportunities"": 0.42280387387642937}, {""age"": 3, ""gap_hours"": 13.57463277777036, ""age_discount"": 0.0010000000000000002, ""time_discount"": 0.20841936048015494, ""raw_opportunities"": 514, ""weight"": 0.000208419360480155, ""effective_opportunities"": 0.10712755128679967}, {""age"": 4, ""gap_hours"": 13.589341944389872, ""age_discount"": 0.00010000000000000002, ""time_discount"": 0.20806550054166398, ""raw_opportunities"": 28, ""weight"": 2.0806550054166403e-05, ""effective_opportunities"": 0.0005825834015166593}]"
Allen Iverson 2.0,vpip,0.1,0.1,0.13,3798,3798,latest_sufficient,[]
Allen Iverson 2.0,pfr,0.1,0.1,0.13,3838,3838,latest_sufficient,[]
Allen Iverson 2.0,threebet,0.03,0.03,0.03,3749,3749,latest_sufficient,[]
Allen Iverson 2.0,limp,0.0,0.0,0.15000000000000002,3838,3838,latest_sufficient,[]
Allen Iverson 2.0,aggression,0.5,0.2,0.5,1012,1012,latest_sufficient,[]
Allen Iverson 2.0,cbet,0.05,0.0,0.25,252,252,latest_sufficient,[]
Allen Iverson 2.0,bluff,0.30000000000000004,0.2,0.55,1012,1012,latest_sufficient,[]
Allen Iverson 2.0,stickiness,1.0,0.9400000000000001,1.0,590,590,latest_sufficient,[]
Allen Iverson 2.0,size,0.375,0.365,0.775,272,272,latest_sufficient,[]
Allen Iverson 2.0,adaptive,0.0,0.0,0.0,1602,1602,latest_sufficient,[]
Gladiator_v3,vpip,0.52,0.52,0.52,650,650,latest_sufficient,[]
Gladiator_v3,pfr,0.49,0.46,0.52,652,652,latest_sufficient,[]
Gladiator_v3,threebet,0.02,0.02,0.04,908,908,latest_sufficient,[]
Gladiator_v3,limp,0.5,0.4,0.6000000000000001,652,652,latest_sufficient,[]
Gladiator_v3,aggression,0.5,0.17375000000000004,0.7000000000000001,337,337,latest_sufficient,[]
Gladiator_v3,cbet,0.45,0.30000000000000004,0.7000000000000001,75,75,latest_sufficient,[]
Gladiator_v3,bluff,1.0,0.8500000000000001,1.0,337,337,latest_sufficient,[]
Gladiator_v3,stickiness,0.41000000000000003,0.41000000000000003,0.67,201,201,latest_sufficient,[]
Gladiator_v3,size,1.2149999999999999,1.0550000000000002,1.24,163,163,latest_sufficient,[]
Gladiator_v3,adaptive,0.0,0.0,1.0,538,538,latest_sufficient,[]
Jason_idea,vpip,1.0,0.31,1.0,52,107.12597970961252,still_sparse,"[{""age"": 1, ""gap_hours"": 0.5613922222455343, ""age_discount"": 0.1, ""time_discount"": 0.9372037485034069, ""raw_opportunities"": 584, ""weight"": 0.0937203748503407, ""effective_opportunities"": 54.73269891259897}, {""age"": 2, ""gap_hours"": 0.5689775000015894, ""age_discount"": 0.010000000000000002, ""time_discount"": 0.9363828500322744, ""raw_opportunities"": 42, ""weight"": 0.009363828500322746, ""effective_opportunities"": 0.39328079701355534}]"
Jason_idea,pfr,1.0,0.31,1.0,53,108.9694630832656,still_sparse,"[{""age"": 1, ""gap_hours"": 0.5613922222455343, ""age_discount"": 0.1, ""time_discount"": 0.9372037485034069, ""raw_opportunities"": 593, ""weight"": 0.0937203748503407, ""effective_opportunities"": 55.576182286252035}, {""age"": 2, ""gap_hours"": 0.5689775000015894, ""age_discount"": 0.010000000000000002, ""time_discount"": 0.9363828500322744, ""raw_opportunities"": 42, ""weight"": 0.009363828500322746, ""effective_opportunities"": 0.39328079701355534}]"
Jason_idea,threebet,0.91,0.09,1.0,42,91.69947970694597,still_sparse,"[{""age"": 1, ""gap_hours"": 0.5613922222455343, ""age_discount"": 0.1, ""time_discount"": 0.9372037485034069, ""raw_opportunities"": 525, ""weight"": 0.0937203748503407, ""effective_opportunities"": 49.20319679642886}, {""age"": 2, ""gap_hours"": 0.5689775000015894, ""age_discount"": 0.010000000000000002, ""time_discount"": 0.9363828500322744, ""raw_opportunities"": 53, ""weight"": 0.009363828500322746, ""effective_opportunities"": 0.49628291051710555}]"
Jason_idea,limp,0.35000000000000003,0.05,0.35000000000000003,53,108.9694630832656,still_sparse,"[{""age"": 1, ""gap_hours"": 0.5613922222455343, ""age_discount"": 0.1, ""time_discount"": 0.9372037485034069, ""raw_opportunities"": 593, ""weight"": 0.0937203748503407, ""effective_opportunities"": 55.576182286252035}, {""age"": 2, ""gap_hours"": 0.5689775000015894, ""age_discount"": 0.010000000000000002, ""time_discount"": 0.9363828500322744, ""raw_opportunities"": 42, ""weight"": 0.009363828500322746, ""effective_opportunities"": 0.39328079701355534}]"
Jason_idea,aggression,0.5,0.0,0.5,19,19.084274456502904,still_sparse,"[{""age"": 2, ""gap_hours"": 0.5689775000015894, ""age_discount"": 0.010000000000000002, ""time_discount"": 0.9363828500322744, ""raw_opportunities"": 9, ""weight"": 0.009363828500322746, ""effective_opportunities"": 0.08427445650290472}]"
Jason_idea,cbet,0.2,0.0,0.2,8,8.018727657000646,still_sparse,"[{""age"": 2, ""gap_hours"": 0.5689775000015894, ""age_discount"": 0.010000000000000002, ""time_discount"": 0.9363828500322744, ""raw_opportunities"": 2, ""weight"": 0.009363828500322746, ""effective_opportunities"": 0.018727657000645492}]"
Jason_idea,bluff,0.0,0.0,0.0,19,19.084274456502904,still_sparse,"[{""age"": 2, ""gap_hours"": 0.5689775000015894, ""age_discount"": 0.010000000000000002, ""time_discount"": 0.9363828500322744, ""raw_opportunities"": 9, ""weight"": 0.009363828500322746, ""effective_opportunities"": 0.08427445650290472}]"
Jason_idea,stickiness,0.9500000000000001,0.6,0.9500000000000001,7,7.046819142501613,still_sparse,"[{""age"": 2, ""gap_hours"": 0.5689775000015894, ""age_discount"": 0.010000000000000002, ""time_discount"": 0.9363828500322744, ""raw_opportunities"": 5, ""weight"": 0.009363828500322746, ""effective_opportunities"": 0.04681914250161373}]"
Jason_idea,size,0.395,0.365,0.395,3,3.0187276570006456,still_sparse,"[{""age"": 2, ""gap_hours"": 0.5689775000015894, ""age_discount"": 0.010000000000000002, ""time_discount"": 0.9363828500322744, ""raw_opportunities"": 2, ""weight"": 0.009363828500322746, ""effective_opportunities"": 0.018727657000645492}]"
Jason_idea,adaptive,0.0,0.0,0.0,26,26.13109359900452,still_sparse,"[{""age"": 2, ""gap_hours"": 0.5689775000015894, ""age_discount"": 0.010000000000000002, ""time_discount"": 0.9363828500322744, ""raw_opportunities"": 14, ""weight"": 0.009363828500322746, ""effective_opportunities"": 0.13109359900451845}]"
McSmart Meal,vpip,0.6,0.47000000000000003,0.62,3990,3990,latest_sufficient,[]
McSmart Meal,pfr,0.6,0.47000000000000003,0.62,4040,4040,latest_sufficient,[]
McSmart Meal,threebet,0.03,0.03,0.05,3495,3495,latest_sufficient,[]
McSmart Meal,limp,0.2,0.15000000000000002,0.2,4040,4040,latest_sufficient,[]
McSmart Meal,aggression,0.5,0.5,0.7000000000000001,2860,2860,latest_sufficient,[]
McSmart Meal,cbet,0.5,0.4,0.55,725,725,latest_sufficient,[]
McSmart Meal,bluff,0.1,0.0,0.1,2860,2860,latest_sufficient,[]
McSmart Meal,stickiness,0.26,0.16,0.48,1497,1497,latest_sufficient,[]
McSmart Meal,size,0.64,0.635,0.64,569,569,latest_sufficient,[]
McSmart Meal,adaptive,0.0,0.0,1.0,4357,4357,latest_sufficient,[]
RiverForge,vpip,0.22,0.17,0.22,3949,3949,latest_sufficient,[]
RiverForge,pfr,0.22,0.17,0.22,3954,3954,latest_sufficient,[]
RiverForge,threebet,0.03,0.03,0.03,4420,4420,latest_sufficient,[]
RiverForge,limp,0.1,0.0,0.1,3954,3954,latest_sufficient,[]
RiverForge,aggression,0.2,0.0,0.5,1411,1411,latest_sufficient,[]
RiverForge,cbet,0.1,0.05,0.15000000000000002,360,360,latest_sufficient,[]
RiverForge,bluff,0.25,0.0,0.30000000000000004,1411,1411,latest_sufficient,[]
RiverForge,stickiness,0.45,0.14,0.48,818,818,latest_sufficient,[]
RiverForge,size,0.47,0.46499999999999997,0.585,254,254,latest_sufficient,[]
RiverForge,adaptive,0.0,0.0,1.0,2229,2229,latest_sufficient,[]
Tilted_Towers_2,vpip,0.13,0.1,0.13,3401,3401,latest_sufficient,[]
Tilted_Towers_2,pfr,0.13,0.1,0.13,3423,3423,latest_sufficient,[]
Tilted_Towers_2,threebet,0.03,0.03,0.03,3221,3221,latest_sufficient,[]
Tilted_Towers_2,limp,0.1,0.0,0.15000000000000002,3423,3423,latest_sufficient,[]
Tilted_Towers_2,aggression,0.5,0.5,0.5,844,844,latest_sufficient,[]
Tilted_Towers_2,cbet,0.0,0.0,0.0,227,227,latest_sufficient,[]
Tilted_Towers_2,bluff,0.25,0.2,0.35000000000000003,844,844,latest_sufficient,[]
Tilted_Towers_2,stickiness,1.0,0.97,1.0,472,472,latest_sufficient,[]
Tilted_Towers_2,size,0.375,0.36,0.77,215,215,latest_sufficient,[]
Tilted_Towers_2,adaptive,0.0,0.0,0.0,1316,1316,latest_sufficient,[]
catherine,vpip,0.23,0.18,0.24,4003,4003,latest_sufficient,[]
catherine,pfr,0.23,0.18,0.24,4008,4008,latest_sufficient,[]
catherine,threebet,0.03,0.03,0.05,4170,4170,latest_sufficient,[]
catherine,limp,0.15000000000000002,0.1,0.2,4008,4008,latest_sufficient,[]
catherine,aggression,0.7000000000000001,0.5,0.7000000000000001,2739,2739,latest_sufficient,[]
catherine,cbet,0.65,0.55,0.7000000000000001,643,643,latest_sufficient,[]
catherine,bluff,0.15000000000000002,0.1,0.2,2739,2739,latest_sufficient,[]
catherine,stickiness,0.4,0.24,0.59,1871,1871,latest_sufficient,[]
catherine,size,1.185,1.1800000000000002,1.185,685,685,latest_sufficient,[]
catherine,adaptive,0.0,0.0,1.0,4610,4610,latest_sufficient,[]
fold-a2,vpip,0.0,0.0,0.01,854,854,latest_sufficient,[]
fold-a2,pfr,0.0,0.0,0.0,863,863,latest_sufficient,[]
fold-a2,threebet,0.0,0.0,0.0,960,960,latest_sufficient,[]
fold-a2,limp,0.05,0.05,0.05,863,863,latest_sufficient,[]
fold-a2,aggression,0.0,0.0,0.0,541,541,latest_sufficient,[]
fold-a2,cbet,0.65,0.65,0.65,0,0,still_sparse,[]
fold-a2,bluff,0.0,0.0,0.0,541,541,latest_sufficient,[]
fold-a2,stickiness,1.0,1.0,1.0,414,414,latest_sufficient,[]
fold-a2,size,0.66,0.66,0.66,0,0,still_sparse,[]
fold-a2,adaptive,0.0,0.0,0.0,955,955,latest_sufficient,[]
jongwon,vpip,0.36,0.19375000000000003,0.38,737,737,latest_sufficient,[]
jongwon,pfr,0.36,0.19375000000000003,0.38,741,741,latest_sufficient,[]
jongwon,threebet,0.06,0.05,0.08,698,698,latest_sufficient,[]
jongwon,limp,0.30000000000000004,0.07375000000000004,0.30000000000000004,741,741,latest_sufficient,[]
jongwon,aggression,0.35000000000000003,0.0,1.0,277,277,latest_sufficient,[]
jongwon,cbet,0.0,0.0,0.30000000000000004,56,56,latest_sufficient,[]
jongwon,bluff,1.0,0.6000000000000001,1.0,277,277,latest_sufficient,[]
jongwon,stickiness,0.45,0.26,0.6057499999999993,142,142,latest_sufficient,[]
jongwon,size,0.895,0.89,0.91,124,124,latest_sufficient,[]
jongwon,adaptive,1.0,0.0,1.0,419,419,latest_sufficient,[]
let it go,vpip,0.06,0.06,0.11,1480,1480,latest_sufficient,[]
let it go,pfr,0.0,0.0,0.0,1484,1484,latest_sufficient,[]
let it go,threebet,0.0,0.0,0.0,1698,1698,latest_sufficient,[]
let it go,limp,0.05,0.05,0.05,1484,1484,latest_sufficient,[]
let it go,aggression,0.2,0.0,0.2,558,558,latest_sufficient,[]
let it go,cbet,0.0,0.0,0.0,7,7,still_sparse,[]
let it go,bluff,0.15000000000000002,0.1,0.25,558,558,latest_sufficient,[]
let it go,stickiness,0.02,0.02,0.05,437,437,latest_sufficient,[]
let it go,size,0.435,0.435,0.435,103,103,latest_sufficient,[]
let it go,adaptive,0.0,0.0,0.0,995,995,latest_sufficient,[]
netanyahu,vpip,0.23,0.23,0.23,3604,3604,latest_sufficient,[]
netanyahu,pfr,0.23,0.23,0.23,3618,3618,latest_sufficient,[]
netanyahu,threebet,0.03,0.03,0.03,4312,4312,latest_sufficient,[]
netanyahu,limp,0.1,0.05,0.1,3618,3618,latest_sufficient,[]
netanyahu,aggression,0.7000000000000001,0.5,0.7000000000000001,1634,1634,latest_sufficient,[]
netanyahu,cbet,0.5,0.35000000000000003,0.6000000000000001,428,428,latest_sufficient,[]
netanyahu,bluff,0.9500000000000001,0.8500000000000001,1.0,1634,1634,latest_sufficient,[]
netanyahu,stickiness,0.21,0.16,0.6900000000000001,932,932,latest_sufficient,[]
netanyahu,size,0.36,0.36,0.365,751,751,latest_sufficient,[]
netanyahu,adaptive,0.0,0.0,0.0,2566,2566,latest_sufficient,[]
poke-bowl,vpip,0.22,0.22,0.33,0,200.0,older_prior_used,"[{""age"": 1, ""gap_hours"": 2.201607500049803, ""age_discount"": 0.1, ""time_discount"": 0.77542836608697, ""raw_opportunities"": 3308, ""weight"": 0.060459492140266025, ""effective_opportunities"": 200.0}]"
poke-bowl,pfr,0.22,0.22,0.33,0,200.0,older_prior_used,"[{""age"": 1, ""gap_hours"": 2.201607500049803, ""age_discount"": 0.1, ""time_discount"": 0.77542836608697, ""raw_opportunities"": 3506, ""weight"": 0.05704506560182544, ""effective_opportunities"": 200.0}]"
poke-bowl,threebet,0.03,0.02,0.04049999999999955,0,100.0,older_prior_used,"[{""age"": 1, ""gap_hours"": 2.201607500049803, ""age_discount"": 0.1, ""time_discount"": 0.77542836608697, ""raw_opportunities"": 2369, ""weight"": 0.04221190375685943, ""effective_opportunities"": 99.99999999999999}, {""age"": 2, ""gap_hours"": 17.733599166671436, ""age_discount"": 0.010000000000000002, ""time_discount"": 0.12890678785213752, ""raw_opportunities"": 4176, ""weight"": 3.402982450958334e-18, ""effective_opportunities"": 1.4210854715202004e-14}]"
poke-bowl,limp,0.2,0.15000000000000002,0.30000000000000004,0,200.0,older_prior_used,"[{""age"": 1, ""gap_hours"": 2.201607500049803, ""age_discount"": 0.1, ""time_discount"": 0.77542836608697, ""raw_opportunities"": 3506, ""weight"": 0.05704506560182544, ""effective_opportunities"": 200.0}]"
poke-bowl,aggression,0.7000000000000001,0.5,0.7000000000000001,0,100.00000000000001,older_prior_used,"[{""age"": 1, ""gap_hours"": 2.201607500049803, ""age_discount"": 0.1, ""time_discount"": 0.77542836608697, ""raw_opportunities"": 3083, ""weight"": 0.032435939020434644, ""effective_opportunities"": 100.00000000000001}]"
poke-bowl,cbet,0.25,0.2,0.30000000000000004,0,47.65264833434667,still_sparse,"[{""age"": 1, ""gap_hours"": 2.201607500049803, ""age_discount"": 0.1, ""time_discount"": 0.77542836608697, ""raw_opportunities"": 608, ""weight"": 0.077542836608697, ""effective_opportunities"": 47.146044658087774}, {""age"": 2, ""gap_hours"": 17.733599166671436, ""age_discount"": 0.010000000000000002, ""time_discount"": 0.12890678785213752, ""raw_opportunities"": 393, ""weight"": 0.0012890678785213755, ""effective_opportunities"": 0.5066036762589006}]"
poke-bowl,bluff,0.35000000000000003,0.25,0.4262499999999989,0,100.00000000000001,older_prior_used,"[{""age"": 1, ""gap_hours"": 2.201607500049803, ""age_discount"": 0.1, ""time_discount"": 0.77542836608697, ""raw_opportunities"": 3083, ""weight"": 0.032435939020434644, ""effective_opportunities"": 100.00000000000001}]"
poke-bowl,stickiness,0.02,0.02,0.11,0,97.849331959021,still_sparse,"[{""age"": 1, ""gap_hours"": 2.201607500049803, ""age_discount"": 0.1, ""time_discount"": 0.77542836608697, ""raw_opportunities"": 1239, ""weight"": 0.077542836608697, ""effective_opportunities"": 96.07557455817559}, {""age"": 2, ""gap_hours"": 17.733599166671436, ""age_discount"": 0.010000000000000002, ""time_discount"": 0.12890678785213752, ""raw_opportunities"": 1376, ""weight"": 0.0012890678785213755, ""effective_opportunities"": 1.7737574008454127}]"
poke-bowl,size,0.8150000000000001,0.8150000000000001,0.955,0,50.0,older_prior_used,"[{""age"": 1, ""gap_hours"": 2.201607500049803, ""age_discount"": 0.1, ""time_discount"": 0.77542836608697, ""raw_opportunities"": 1080, ""weight"": 0.046296296296296294, ""effective_opportunities"": 50.0}]"
poke-bowl,adaptive,0.0,0.0,0.0,0,200.0,older_prior_used,"[{""age"": 1, ""gap_hours"": 2.201607500049803, ""age_discount"": 0.1, ""time_discount"": 0.77542836608697, ""raw_opportunities"": 4322, ""weight"": 0.04627487274409996, ""effective_opportunities"": 200.0}]"
regrets,vpip,0.38,0.36,0.39,2229,2229,latest_sufficient,[]
regrets,pfr,0.38,0.36,0.39,2255,2255,latest_sufficient,[]
regrets,threebet,0.03,0.03,0.05,2057,2057,latest_sufficient,[]
regrets,limp,0.15000000000000002,0.1,0.15000000000000002,2255,2255,latest_sufficient,[]
regrets,aggression,0.0,0.0,0.0,1363,1363,latest_sufficient,[]
regrets,cbet,0.05,0.0,0.1,454,454,latest_sufficient,[]
regrets,bluff,0.15000000000000002,0.1,0.25,1363,1363,latest_sufficient,[]
regrets,stickiness,0.02,0.02,0.09,1060,1060,latest_sufficient,[]
regrets,size,0.645,0.645,0.66,152,152,latest_sufficient,[]
regrets,adaptive,0.0,0.0,0.0,2423,2423,latest_sufficient,[]
the GOON,vpip,0.62,0.62,0.71,1,200.0,older_prior_used,"[{""age"": 1, ""gap_hours"": 2.049056666692098, ""age_discount"": 0.1, ""time_discount"": 0.7892151498491746, ""raw_opportunities"": 2770, ""weight"": 0.07184115523465703, ""effective_opportunities"": 198.99999999999997}, {""age"": 2, ""gap_hours"": 3.526560277806388, ""age_discount"": 0.010000000000000002, ""time_discount"": 0.6653751786863802, ""raw_opportunities"": 2127, ""weight"": 1.336234575947532e-17, ""effective_opportunities"": 2.842170943040401e-14}]"
the GOON,pfr,0.39,0.38,0.48,2,200.0,older_prior_used,"[{""age"": 1, ""gap_hours"": 2.049056666692098, ""age_discount"": 0.1, ""time_discount"": 0.7892151498491746, ""raw_opportunities"": 2818, ""weight"": 0.07026259758694109, ""effective_opportunities"": 198.0}]"
the GOON,threebet,0.02,0.02,0.03,0,100.0,older_prior_used,"[{""age"": 1, ""gap_hours"": 2.049056666692098, ""age_discount"": 0.1, ""time_discount"": 0.7892151498491746, ""raw_opportunities"": 2761, ""weight"": 0.036218761318362915, ""effective_opportunities"": 100.0}]"
the GOON,limp,0.15000000000000002,0.15000000000000002,0.25,2,200.0,older_prior_used,"[{""age"": 1, ""gap_hours"": 2.049056666692098, ""age_discount"": 0.1, ""time_discount"": 0.7892151498491746, ""raw_opportunities"": 2818, ""weight"": 0.07026259758694109, ""effective_opportunities"": 198.0}]"
the GOON,aggression,0.2,0.09500000000000011,0.5,6,100.0,older_prior_used,"[{""age"": 1, ""gap_hours"": 2.049056666692098, ""age_discount"": 0.1, ""time_discount"": 0.7892151498491746, ""raw_opportunities"": 3501, ""weight"": 0.0268494715795487, ""effective_opportunities"": 94.0}]"
the GOON,cbet,0.4,0.30000000000000004,0.5,0,48.60732233963258,still_sparse,"[{""age"": 1, ""gap_hours"": 2.049056666692098, ""age_discount"": 0.1, ""time_discount"": 0.7892151498491746, ""raw_opportunities"": 563, ""weight"": 0.07892151498491747, ""effective_opportunities"": 44.43281293650853}, {""age"": 2, ""gap_hours"": 3.526560277806388, ""age_discount"": 0.010000000000000002, ""time_discount"": 0.6653751786863802, ""raw_opportunities"": 607, ""weight"": 0.0066537517868638036, ""effective_opportunities"": 4.038827334626329}, {""age"": 3, ""gap_hours"": 9.70994527777036, ""age_discount"": 0.0010000000000000002, ""time_discount"": 0.3257135823815084, ""raw_opportunities"": 412, ""weight"": 0.00032571358238150846, ""effective_opportunities"": 0.13419399594118148}, {""age"": 4, ""gap_hours"": 10.01883777777354, ""age_discount"": 0.00010000000000000002, ""time_discount"": 0.3142955397438001, ""raw_opportunities"": 38, ""weight"": 3.1429553974380014e-05, ""effective_opportunities"": 0.0011943230510264406}, {""age"": 5, ""gap_hours"": 10.647947500016954, ""age_discount"": 1.0000000000000003e-05, ""time_discount"": 0.2922636037451913, ""raw_opportunities"": 82, ""weight"": 2.9226360374519136e-06, ""effective_opportunities"": 0.00023965615507105692}, {""age"": 6, ""gap_hours"": 11.522282500002119, ""age_discount"": 1.0000000000000004e-06, ""time_discount"": 0.26418483944445, ""raw_opportunities"": 192, ""weight"": 2.641848394444501e-07, ""effective_opportunities"": 5.0723489173334416e-05}, {""age"": 7, ""gap_hours"": 12.430423611137602, ""age_discount"": 1.0000000000000004e-07, ""time_discount"": 0.23787288454616215, ""raw_opportunities"": 137, ""weight"": 2.3787288454616224e-08, ""effective_opportunities"": 3.2588585182824227e-06}, {""age"": 8, ""gap_hours"": 12.633113055560324, ""age_discount"": 1.0000000000000005e-08, ""time_discount"": 0.23236765325079375, ""raw_opportunities"": 30, ""weight"": 2.323676532507939e-09, ""effective_opportunities"": 6.971029597523816e-08}, {""age"": 9, ""gap_hours"": 13.767161111103164, ""age_discount"": 1.0000000000000005e-09, ""time_discount"": 0.20383492210697401, ""raw_opportunities"": 194, ""weight"": 2.0383492210697412e-10, ""effective_opportunities"": 3.954397488875298e-08}, {""age"": 10, ""gap_hours"": 14.982316666709051, ""age_discount"": 1.0000000000000006e-10, ""time_discount"": 0.17713819423868682, ""raw_opportunities"": 79, ""weight"": 1.771381942386869e-11, ""effective_opportunities"": 1.3993917344856267e-09}, {""age"": 11, ""gap_hours"": 16.782649444474114, ""age_discount"": 1.0000000000000006e-11, ""time_discount"": 0.14387539150544645, ""raw_opportunities"": 236, ""weight"": 1.4387539150544653e-12, ""effective_opportunities"": 3.3954592395285384e-10}, {""age"": 12, ""gap_hours"": 17.526866944432257, ""age_discount"": 1.0000000000000006e-12, ""time_discount"": 0.13202248001341668, ""raw_opportunities"": 71, ""weight"": 1.3202248001341675e-13, ""effective_opportunities"": 9.37359608095259e-12}, {""age"": 13, ""gap_hours"": 17.684241666661368, ""age_discount"": 1.0000000000000007e-13, ""time_discount"": 0.12964391416435186, ""raw_opportunities"": 13, ""weight"": 1.2964391416435195e-14, ""effective_opportunities"": 1.6853708841365753e-13}]"
the GOON,bluff,1.0,0.9,1.0,6,100.0,older_prior_used,"[{""age"": 1, ""gap_hours"": 2.049056666692098, ""age_discount"": 0.1, ""time_discount"": 0.7892151498491746, ""raw_opportunities"": 3501, ""weight"": 0.0268494715795487, ""effective_opportunities"": 94.0}]"
the GOON,stickiness,0.15,0.06,0.39524999999999977,0,100.0,older_prior_used,"[{""age"": 1, ""gap_hours"": 2.049056666692098, ""age_discount"": 0.1, ""time_discount"": 0.7892151498491746, ""raw_opportunities"": 1714, ""weight"": 0.058343057176196034, ""effective_opportunities"": 100.0}]"
the GOON,size,0.935,0.91,0.9400000000000001,5,50.0,older_prior_used,"[{""age"": 1, ""gap_hours"": 2.049056666692098, ""age_discount"": 0.1, ""time_discount"": 0.7892151498491746, ""raw_opportunities"": 1552, ""weight"": 0.028994845360824743, ""effective_opportunities"": 45.0}]"
the GOON,adaptive,0.0,0.0,0.0,6,200.0,older_prior_used,"[{""age"": 1, ""gap_hours"": 2.049056666692098, ""age_discount"": 0.1, ""time_discount"": 0.7892151498491746, ""raw_opportunities"": 5215, ""weight"": 0.03720038350910834, ""effective_opportunities"": 194.0}]"
tungbot,vpip,0.23,0.23,0.23,4002,4002,latest_sufficient,[]
tungbot,pfr,0.23,0.23,0.23,4145,4145,latest_sufficient,[]
tungbot,threebet,0.09,0.06475,0.09,3899,3899,latest_sufficient,[]
tungbot,limp,0.15000000000000002,0.1,0.15000000000000002,4145,4145,latest_sufficient,[]
tungbot,aggression,0.15000000000000002,0.05,0.45,3101,3101,latest_sufficient,[]
tungbot,cbet,0.55,0.45,0.65,658,658,latest_sufficient,[]
tungbot,bluff,1.0,1.0,1.0,3101,3101,latest_sufficient,[]
tungbot,stickiness,0.27,0.23,0.43,1154,1154,latest_sufficient,[]
tungbot,size,0.36,0.36,0.365,1303,1303,latest_sufficient,[]
tungbot,adaptive,0.0,0.0,1.0,4255,4255,latest_sufficient,[]
zinger box,vpip,0.38,0.38,0.38,2685,2685,latest_sufficient,[]
zinger box,pfr,0.38,0.38,0.38,2697,2697,latest_sufficient,[]
zinger box,threebet,0.03,0.03,0.04,2420,2420,latest_sufficient,[]
zinger box,limp,0.15000000000000002,0.15000000000000002,0.15000000000000002,2697,2697,latest_sufficient,[]
zinger box,aggression,0.5,0.2,0.5,2077,2077,latest_sufficient,[]
zinger box,cbet,0.5,0.4,0.55,382,382,latest_sufficient,[]
zinger box,bluff,0.05,0.0,0.2,2077,2077,latest_sufficient,[]
zinger box,stickiness,0.43,0.22475,0.44,1677,1677,latest_sufficient,[]
zinger box,size,0.645,0.64,0.65,349,349,latest_sufficient,[]
zinger box,adaptive,0.0,0.0,1.0,3754,3754,latest_sufficient,[]
Althaf Productions v1,vpip,0.13,0.13,0.15,3879,3879,latest_sufficient,[]
Althaf Productions v1,pfr,0.13,0.13,0.15,3897,3897,latest_sufficient,[]
Althaf Productions v1,threebet,0.03,0.03,0.05,4379,4379,latest_sufficient,[]
Althaf Productions v1,limp,0.1,0.1,0.2,3897,3897,latest_sufficient,[]
Althaf Productions v1,aggression,0.8500000000000001,0.65,0.9500000000000001,1838,1838,latest_sufficient,[]
Althaf Productions v1,cbet,0.8500000000000001,0.8,0.9500000000000001,402,402,latest_sufficient,[]
Althaf Productions v1,bluff,1.0,1.0,1.0,1838,1838,latest_sufficient,[]
Althaf Productions v1,stickiness,0.17,0.04950000000000001,0.24,704,704,latest_sufficient,[]
Althaf Productions v1,size,0.355,0.35,1.085,1046,1046,latest_sufficient,[]
Althaf Productions v1,adaptive,0.0,0.0,0.0,2542,2542,latest_sufficient,[]
Gladiators,vpip,0.52,0.52,0.52,4045,4045,latest_sufficient,[]
Gladiators,pfr,0.52,0.45,0.52,4075,4075,latest_sufficient,[]
Gladiators,threebet,0.02,0.02,0.02,4818,4818,latest_sufficient,[]
Gladiators,limp,0.5,0.45,0.55,4075,4075,latest_sufficient,[]
Gladiators,aggression,0.8500000000000001,0.8,1.0,1599,1599,latest_sufficient,[]
Gladiators,cbet,0.7000000000000001,0.6000000000000001,0.8,414,414,latest_sufficient,[]
Gladiators,bluff,1.0,1.0,1.0,1599,1599,latest_sufficient,[]
Gladiators,stickiness,0.47000000000000003,0.43,0.81,763,763,latest_sufficient,[]
Gladiators,size,1.1600000000000001,1.155,1.2550000000000001,870,870,latest_sufficient,[]
Gladiators,adaptive,0.0,0.0,0.0,2362,2362,latest_sufficient,[]
MAC Projects Team Testing Bot,vpip,0.23,0.17,0.23,2584,2584,latest_sufficient,[]
MAC Projects Team Testing Bot,pfr,0.23,0.17,0.23,2609,2609,latest_sufficient,[]
MAC Projects Team Testing Bot,threebet,0.04,0.02,0.06,2279,2279,latest_sufficient,[]
MAC Projects Team Testing Bot,limp,0.15000000000000002,0.05,0.15000000000000002,2609,2609,latest_sufficient,[]
MAC Projects Team Testing Bot,aggression,0.15000000000000002,0.15000000000000002,0.8500000000000001,894,894,latest_sufficient,[]
MAC Projects Team Testing Bot,cbet,0.6000000000000001,0.5,0.8,269,269,latest_sufficient,[]
MAC Projects Team Testing Bot,bluff,1.0,0.9,1.0,894,894,latest_sufficient,[]
MAC Projects Team Testing Bot,stickiness,0.09,0.02,0.37,421,421,latest_sufficient,[]
MAC Projects Team Testing Bot,size,0.365,0.36,0.365,383,383,latest_sufficient,[]
MAC Projects Team Testing Bot,adaptive,1.0,0.0,1.0,1315,1315,latest_sufficient,[]
Messi,vpip,0.1,0.1,0.11,4469,4469,latest_sufficient,[]
Messi,pfr,0.01,0.0,0.01,4491,4491,latest_sufficient,[]
Messi,threebet,0.0,0.0,0.0,4780,4780,latest_sufficient,[]
Messi,limp,0.9500000000000001,0.05,0.9500000000000001,4491,4491,latest_sufficient,[]
Messi,aggression,0.0,0.0,0.2,1546,1546,latest_sufficient,[]
Messi,cbet,0.4,0.15000000000000002,0.75,11,16.01201664743655,still_sparse,"[{""age"": 1, ""gap_hours"": 0.3187225000063578, ""age_discount"": 0.1, ""time_discount"": 0.9638493552762593, ""raw_opportunities"": 52, ""weight"": 0.09638493552762593, ""effective_opportunities"": 5.012016647436549}]"
Messi,bluff,0.15000000000000002,0.1,0.2,1546,1546,latest_sufficient,[]
Messi,stickiness,0.0,0.0,0.03,1330,1330,latest_sufficient,[]
Messi,size,0.435,0.435,0.45,289,289,latest_sufficient,[]
Messi,adaptive,0.0,0.0,0.0,2876,2876,latest_sufficient,[]
Sus bot,vpip,0.22,0.22,0.23,1,152.255117489298,still_sparse,"[{""age"": 1, ""gap_hours"": 8.471776944465107, ""age_discount"": 0.1, ""time_discount"": 0.37580005315239756, ""raw_opportunities"": 3994, ""weight"": 0.03758000531523976, ""effective_opportunities"": 150.0945412290676}, {""age"": 2, ""gap_hours"": 8.774403611090449, ""age_discount"": 0.010000000000000002, ""time_discount"": 0.36288879046166156, ""raw_opportunities"": 297, ""weight"": 0.0036288879046166163, ""effective_opportunities"": 1.077779707671135}, {""age"": 3, ""gap_hours"": 8.99319555554125, ""age_discount"": 0.0010000000000000002, ""time_discount"": 0.3538314211933248, ""raw_opportunities"": 234, ""weight"": 0.0003538314211933249, ""effective_opportunities"": 0.08279655255923803}]"
Sus bot,pfr,0.22,0.22,0.23,2,154.585287058371,still_sparse,"[{""age"": 1, ""gap_hours"": 8.471776944465107, ""age_discount"": 0.1, ""time_discount"": 0.37580005315239756, ""raw_opportunities"": 4029, ""weight"": 0.03758000531523976, ""effective_opportunities"": 151.40984141510097}, {""age"": 2, ""gap_hours"": 8.774403611090449, ""age_discount"": 0.010000000000000002, ""time_discount"": 0.36288879046166156, ""raw_opportunities"": 301, ""weight"": 0.0036288879046166163, ""effective_opportunities"": 1.0922952592896016}, {""age"": 3, ""gap_hours"": 8.99319555554125, ""age_discount"": 0.0010000000000000002, ""time_discount"": 0.3538314211933248, ""raw_opportunities"": 235, ""weight"": 0.0003538314211933249, ""effective_opportunities"": 0.08315038398043134}]"
Sus bot,threebet,0.03,0.03,0.03,0,100.0,older_prior_used,"[{""age"": 1, ""gap_hours"": 8.471776944465107, ""age_discount"": 0.1, ""time_discount"": 0.37580005315239756, ""raw_opportunities"": 3925, ""weight"": 0.025477707006369428, ""effective_opportunities"": 100.0}]"
Sus bot,limp,0.05,0.05,0.1,2,154.585287058371,still_sparse,"[{""age"": 1, ""gap_hours"": 8.471776944465107, ""age_discount"": 0.1, ""time_discount"": 0.37580005315239756, ""raw_opportunities"": 4029, ""weight"": 0.03758000531523976, ""effective_opportunities"": 151.40984141510097}, {""age"": 2, ""gap_hours"": 8.774403611090449, ""age_discount"": 0.010000000000000002, ""time_discount"": 0.36288879046166156, ""raw_opportunities"": 301, ""weight"": 0.0036288879046166163, ""effective_opportunities"": 1.0922952592896016}, {""age"": 3, ""gap_hours"": 8.99319555554125, ""age_discount"": 0.0010000000000000002, ""time_discount"": 0.3538314211933248, ""raw_opportunities"": 235, ""weight"": 0.0003538314211933249, ""effective_opportunities"": 0.08315038398043134}]"
Sus bot,aggression,0.2,0.1,0.30000000000000004,3,73.22072516364886,still_sparse,"[{""age"": 1, ""gap_hours"": 8.471776944465107, ""age_discount"": 0.1, ""time_discount"": 0.37580005315239756, ""raw_opportunities"": 1852, ""weight"": 0.03758000531523976, ""effective_opportunities"": 69.59816984382402}, {""age"": 2, ""gap_hours"": 8.774403611090449, ""age_discount"": 0.010000000000000002, ""time_discount"": 0.36288879046166156, ""raw_opportunities"": 162, ""weight"": 0.0036288879046166163, ""effective_opportunities"": 0.5878798405478919}, {""age"": 3, ""gap_hours"": 8.99319555554125, ""age_discount"": 0.0010000000000000002, ""time_discount"": 0.3538314211933248, ""raw_opportunities"": 98, ""weight"": 0.0003538314211933249, ""effective_opportunities"": 0.034675479276945836}]"
Sus bot,cbet,0.5,0.4,0.6000000000000001,0,19.564365778749174,still_sparse,"[{""age"": 1, ""gap_hours"": 8.471776944465107, ""age_discount"": 0.1, ""time_discount"": 0.37580005315239756, ""raw_opportunities"": 517, ""weight"": 0.03758000531523976, ""effective_opportunities"": 19.428862747978954}, {""age"": 2, ""gap_hours"": 8.774403611090449, ""age_discount"": 0.010000000000000002, ""time_discount"": 0.36288879046166156, ""raw_opportunities"": 35, ""weight"": 0.0036288879046166163, ""effective_opportunities"": 0.12701107666158157}, {""age"": 3, ""gap_hours"": 8.99319555554125, ""age_discount"": 0.0010000000000000002, ""time_discount"": 0.3538314211933248, ""raw_opportunities"": 24, ""weight"": 0.0003538314211933249, ""effective_opportunities"": 0.008491954108639798}]"
Sus bot,bluff,0.8,0.7000000000000001,0.8500000000000001,3,73.22072516364886,still_sparse,"[{""age"": 1, ""gap_hours"": 8.471776944465107, ""age_discount"": 0.1, ""time_discount"": 0.37580005315239756, ""raw_opportunities"": 1852, ""weight"": 0.03758000531523976, ""effective_opportunities"": 69.59816984382402}, {""age"": 2, ""gap_hours"": 8.774403611090449, ""age_discount"": 0.010000000000000002, ""time_discount"": 0.36288879046166156, ""raw_opportunities"": 162, ""weight"": 0.0036288879046166163, ""effective_opportunities"": 0.5878798405478919}, {""age"": 3, ""gap_hours"": 8.99319555554125, ""age_discount"": 0.0010000000000000002, ""time_discount"": 0.3538314211933248, ""raw_opportunities"": 98, ""weight"": 0.0003538314211933249, ""effective_opportunities"": 0.034675479276945836}]"
Sus bot,stickiness,0.33,0.16,0.79,0,32.72970716213353,still_sparse,"[{""age"": 1, ""gap_hours"": 8.471776944465107, ""age_discount"": 0.1, ""time_discount"": 0.37580005315239756, ""raw_opportunities"": 861, ""weight"": 0.03758000531523976, ""effective_opportunities"": 32.35638457642143}, {""age"": 2, ""gap_hours"": 8.774403611090449, ""age_discount"": 0.010000000000000002, ""time_discount"": 0.36288879046166156, ""raw_opportunities"": 98, ""weight"": 0.0036288879046166163, ""effective_opportunities"": 0.3556310146524284}, {""age"": 3, ""gap_hours"": 8.99319555554125, ""age_discount"": 0.0010000000000000002, ""time_discount"": 0.3538314211933248, ""raw_opportunities"": 50, ""weight"": 0.0003538314211933249, ""effective_opportunities"": 0.017691571059666244}]"
Sus bot,size,0.75,0.317375,0.755,0,25.06019768710508,still_sparse,"[{""age"": 1, ""gap_hours"": 8.471776944465107, ""age_discount"": 0.1, ""time_discount"": 0.37580005315239756, ""raw_opportunities"": 662, ""weight"": 0.03758000531523976, ""effective_opportunities"": 24.87796351868872}, {""age"": 2, ""gap_hours"": 8.774403611090449, ""age_discount"": 0.010000000000000002, ""time_discount"": 0.36288879046166156, ""raw_opportunities"": 47, ""weight"": 0.0036288879046166163, ""effective_opportunities"": 0.17055773151698098}, {""age"": 3, ""gap_hours"": 8.99319555554125, ""age_discount"": 0.0010000000000000002, ""time_discount"": 0.3538314211933248, ""raw_opportunities"": 33, ""weight"": 0.0003538314211933249, ""effective_opportunities"": 0.011676436899379722}]"
Sus bot,adaptive,0.0,0.0,0.0,3,105.95043232578239,still_sparse,"[{""age"": 1, ""gap_hours"": 8.471776944465107, ""age_discount"": 0.1, ""time_discount"": 0.37580005315239756, ""raw_opportunities"": 2713, ""weight"": 0.03758000531523976, ""effective_opportunities"": 101.95455442024546}, {""age"": 2, ""gap_hours"": 8.774403611090449, ""age_discount"": 0.010000000000000002, ""time_discount"": 0.36288879046166156, ""raw_opportunities"": 260, ""weight"": 0.0036288879046166163, ""effective_opportunities"": 0.9435108552003203}, {""age"": 3, ""gap_hours"": 8.99319555554125, ""age_discount"": 0.0010000000000000002, ""time_discount"": 0.3538314211933248, ""raw_opportunities"": 148, ""weight"": 0.0003538314211933249, ""effective_opportunities"": 0.052367050336612084}]"
Versatile Devourer,vpip,0.23,0.22,0.23,1300,1300,latest_sufficient,[]
Versatile Devourer,pfr,0.22,0.21,0.23,1346,1346,latest_sufficient,[]
Versatile Devourer,threebet,0.06,0.03,0.09,879,879,latest_sufficient,[]
Versatile Devourer,limp,0.2,0.15000000000000002,0.30000000000000004,1346,1346,latest_sufficient,[]
Versatile Devourer,aggression,0.7000000000000001,0.5,0.7000000000000001,515,515,latest_sufficient,[]
Versatile Devourer,cbet,0.4,0.30000000000000004,0.5,188,188,latest_sufficient,[]
Versatile Devourer,bluff,0.45,0.30000000000000004,0.8500000000000001,515,515,latest_sufficient,[]
Versatile Devourer,stickiness,0.11,0.1,0.4167499999999984,190,190,latest_sufficient,[]
Versatile Devourer,size,0.6000000000000001,0.33999999999999997,0.81,128,128,latest_sufficient,[]
Versatile Devourer,adaptive,0.0,0.0,1.0,705,705,latest_sufficient,[]
dan_negreanu_on_ket,vpip,0.26,0.22,0.27,738,738,latest_sufficient,[]
dan_negreanu_on_ket,pfr,0.26,0.22,0.27,739,739,latest_sufficient,[]
dan_negreanu_on_ket,threebet,0.07,0.04,0.07524999999999978,781,781,latest_sufficient,[]
dan_negreanu_on_ket,limp,0.1,0.05,0.15000000000000002,739,739,latest_sufficient,[]
dan_negreanu_on_ket,aggression,0.30000000000000004,0.30000000000000004,0.7000000000000001,444,444,latest_sufficient,[]
dan_negreanu_on_ket,cbet,0.35000000000000003,0.1,0.45,98,98,latest_sufficient,[]
dan_negreanu_on_ket,bluff,0.45,0.1,0.5,444,444,latest_sufficient,[]
dan_negreanu_on_ket,stickiness,0.44,0.27,0.7852499999999998,272,272,latest_sufficient,[]
dan_negreanu_on_ket,size,0.605,0.362375,0.6476249999999999,124,124,latest_sufficient,[]
dan_negreanu_on_ket,adaptive,0.0,0.0,1.0,716,716,latest_sufficient,[]
fullhouse,vpip,0.11,0.06,0.22,961,961,latest_sufficient,[]
fullhouse,pfr,0.11,0.06,0.21,967,967,latest_sufficient,[]
fullhouse,threebet,0.03,0.02,0.045249999999999777,1138,1138,latest_sufficient,[]
fullhouse,limp,0.65,0.55,0.75,967,967,latest_sufficient,[]
fullhouse,aggression,0.2,0.2,0.5,308,308,latest_sufficient,[]
fullhouse,cbet,0.7000000000000001,0.42375000000000007,0.8500000000000001,45,45,still_sparse,[]
fullhouse,bluff,1.0,0.7000000000000001,1.0,308,308,latest_sufficient,[]
fullhouse,stickiness,0.39,0.1,0.75,155,155,latest_sufficient,[]
fullhouse,size,1.375,0.525,1.41,146,146,latest_sufficient,[]
fullhouse,adaptive,0.0,0.0,1.0,463,463,latest_sufficient,[]
krestrel,vpip,0.39,0.19,0.63,574,574,latest_sufficient,[]
krestrel,pfr,0.39,0.19,0.63,587,587,latest_sufficient,[]
krestrel,threebet,0.07,0.05,0.15,470,470,latest_sufficient,[]
krestrel,limp,0.4,0.25,0.45,587,587,latest_sufficient,[]
krestrel,aggression,0.6000000000000001,0.5,1.0,305,305,latest_sufficient,[]
krestrel,cbet,0.7000000000000001,0.55,0.9,116,116,latest_sufficient,[]
krestrel,bluff,1.0,1.0,1.0,305,305,latest_sufficient,[]
krestrel,stickiness,0.02,0.02,0.45,89,89.9988454537888,still_sparse,"[{""age"": 1, ""gap_hours"": 0.009999722242355347, ""age_discount"": 0.1, ""time_discount"": 0.9988454537888042, ""raw_opportunities"": 10, ""weight"": 0.09988454537888042, ""effective_opportunities"": 0.9988454537888042}]"
krestrel,size,1.045,0.25,1.085,135,135,latest_sufficient,[]
krestrel,adaptive,0.0,0.0,0.0,394,394,latest_sufficient,[]
love-of-da-game,vpip,0.17,0.17,0.22,3588,3588,latest_sufficient,[]
love-of-da-game,pfr,0.17,0.17,0.22,3614,3614,latest_sufficient,[]
love-of-da-game,threebet,0.03,0.03,0.03,3723,3723,latest_sufficient,[]
love-of-da-game,limp,0.05,0.0,0.15000000000000002,3614,3614,latest_sufficient,[]
love-of-da-game,aggression,0.05,0.0,0.15000000000000002,1166,1166,latest_sufficient,[]
love-of-da-game,cbet,0.25,0.15000000000000002,0.35000000000000003,309,309,latest_sufficient,[]
love-of-da-game,bluff,0.75,0.65,0.8,1166,1166,latest_sufficient,[]
love-of-da-game,stickiness,0.19,0.17,0.45,651,651,latest_sufficient,[]
love-of-da-game,size,0.89,0.89,0.895,348,348,latest_sufficient,[]
love-of-da-game,adaptive,0.0,0.0,1.0,1817,1817,latest_sufficient,[]
orcabot,vpip,0.36,0.21,0.44,96,131.96493085913332,still_sparse,"[{""age"": 1, ""gap_hours"": 0.614428055551317, ""age_discount"": 0.1, ""time_discount"": 0.9314791127875017, ""raw_opportunities"": 226, ""weight"": 0.09314791127875018, ""effective_opportunities"": 21.05142794899754}, {""age"": 2, ""gap_hours"": 8.616247777806388, ""age_discount"": 0.010000000000000002, ""time_discount"": 0.36958002865506323, ""raw_opportunities"": 3944, ""weight"": 0.003695800286550633, ""effective_opportunities"": 14.576236330155696}, {""age"": 3, ""gap_hours"": 9.689273888866106, ""age_discount"": 0.0010000000000000002, ""time_discount"": 0.3264923329913701, ""raw_opportunities"": 1033, ""weight"": 0.00032649233299137016, ""effective_opportunities"": 0.33726657998008536}]"
orcabot,pfr,0.33,0.21,0.44,98,134.4726301880111,still_sparse,"[{""age"": 1, ""gap_hours"": 0.614428055551317, ""age_discount"": 0.1, ""time_discount"": 0.9314791127875017, ""raw_opportunities"": 231, ""weight"": 0.09314791127875018, ""effective_opportunities"": 21.517167505391292}, {""age"": 2, ""gap_hours"": 8.616247777806388, ""age_discount"": 0.010000000000000002, ""time_discount"": 0.36958002865506323, ""raw_opportunities"": 3955, ""weight"": 0.003695800286550633, ""effective_opportunities"": 14.616890133307754}, {""age"": 3, ""gap_hours"": 9.689273888866106, ""age_discount"": 0.0010000000000000002, ""time_discount"": 0.3264923329913701, ""raw_opportunities"": 1037, ""weight"": 0.00032649233299137016, ""effective_opportunities"": 0.33857254931205083}]"
orcabot,threebet,0.06,0.06,0.07,108,108,latest_sufficient,[]
orcabot,limp,0.5,0.1,0.55,98,134.4726301880111,still_sparse,"[{""age"": 1, ""gap_hours"": 0.614428055551317, ""age_discount"": 0.1, ""time_discount"": 0.9314791127875017, ""raw_opportunities"": 231, ""weight"": 0.09314791127875018, ""effective_opportunities"": 21.517167505391292}, {""age"": 2, ""gap_hours"": 8.616247777806388, ""age_discount"": 0.010000000000000002, ""time_discount"": 0.36958002865506323, ""raw_opportunities"": 3955, ""weight"": 0.003695800286550633, ""effective_opportunities"": 14.616890133307754}, {""age"": 3, ""gap_hours"": 9.689273888866106, ""age_discount"": 0.0010000000000000002, ""time_discount"": 0.3264923329913701, ""raw_opportunities"": 1037, ""weight"": 0.00032649233299137016, ""effective_opportunities"": 0.33857254931205083}]"
orcabot,aggression,0.5,0.5,0.5,139,139,latest_sufficient,[]
orcabot,cbet,0.6000000000000001,0.07375000000000004,0.75,30,35.09692950486158,still_sparse,"[{""age"": 1, ""gap_hours"": 0.614428055551317, ""age_discount"": 0.1, ""time_discount"": 0.9314791127875017, ""raw_opportunities"": 46, ""weight"": 0.09314791127875018, ""effective_opportunities"": 4.284803918822508}, {""age"": 2, ""gap_hours"": 8.616247777806388, ""age_discount"": 0.010000000000000002, ""time_discount"": 0.36958002865506323, ""raw_opportunities"": 189, ""weight"": 0.003695800286550633, ""effective_opportunities"": 0.6985062541580697}, {""age"": 3, ""gap_hours"": 9.689273888866106, ""age_discount"": 0.0010000000000000002, ""time_discount"": 0.3264923329913701, ""raw_opportunities"": 348, ""weight"": 0.00032649233299137016, ""effective_opportunities"": 0.11361933188099682}]"
orcabot,bluff,0.55,0.35000000000000003,1.0,139,139,latest_sufficient,[]
orcabot,stickiness,0.44,0.20475000000000002,0.51,39,46.90038516389911,still_sparse,"[{""age"": 1, ""gap_hours"": 0.614428055551317, ""age_discount"": 0.1, ""time_discount"": 0.9314791127875017, ""raw_opportunities"": 43, ""weight"": 0.09314791127875018, ""effective_opportunities"": 4.005360184986258}, {""age"": 2, ""gap_hours"": 8.616247777806388, ""age_discount"": 0.010000000000000002, ""time_discount"": 0.36958002865506323, ""raw_opportunities"": 1010, ""weight"": 0.003695800286550633, ""effective_opportunities"": 3.7327582894161395}, {""age"": 3, ""gap_hours"": 9.689273888866106, ""age_discount"": 0.0010000000000000002, ""time_discount"": 0.3264923329913701, ""raw_opportunities"": 497, ""weight"": 0.00032649233299137016, ""effective_opportunities"": 0.16226668949671097}]"
orcabot,size,1.46,1.1600000000000001,1.465,45,50.0,older_prior_used,"[{""age"": 1, ""gap_hours"": 0.614428055551317, ""age_discount"": 0.1, ""time_discount"": 0.9314791127875017, ""raw_opportunities"": 58, ""weight"": 0.08620689655172414, ""effective_opportunities"": 5.0}]"
orcabot,adaptive,0.0,0.0,0.0,178,200.0,older_prior_used,"[{""age"": 1, ""gap_hours"": 0.614428055551317, ""age_discount"": 0.1, ""time_discount"": 0.9314791127875017, ""raw_opportunities"": 180, ""weight"": 0.09314791127875018, ""effective_opportunities"": 16.76662403017503}, {""age"": 2, ""gap_hours"": 8.616247777806388, ""age_discount"": 0.010000000000000002, ""time_discount"": 0.36958002865506323, ""raw_opportunities"": 2642, ""weight"": 0.001980838747094992, ""effective_opportunities"": 5.233375969824969}]"
polygamous lavender marriage,vpip,0.22,0.22,0.23,3734,3734,latest_sufficient,[]
polygamous lavender marriage,pfr,0.22,0.22,0.23,3754,3754,latest_sufficient,[]
polygamous lavender marriage,threebet,0.03,0.03,0.03,3432,3432,latest_sufficient,[]
polygamous lavender marriage,limp,0.1,0.05,0.15000000000000002,3754,3754,latest_sufficient,[]
polygamous lavender marriage,aggression,0.2,0.0,0.2,1309,1309,latest_sufficient,[]
polygamous lavender marriage,cbet,0.8,0.7000000000000001,0.8500000000000001,367,367,latest_sufficient,[]
polygamous lavender marriage,bluff,0.8500000000000001,0.8,0.9500000000000001,1309,1309,latest_sufficient,[]
polygamous lavender marriage,stickiness,0.0,0.0,0.12574999999999933,618,618,latest_sufficient,[]
polygamous lavender marriage,size,0.5449999999999999,0.532375,0.5449999999999999,474,474,latest_sufficient,[]
polygamous lavender marriage,adaptive,0.0,0.0,0.0,1927,1927,latest_sufficient,[]
renbot,vpip,0.23,0.23,0.32,489,489,latest_sufficient,[]
renbot,pfr,0.23,0.23,0.32,490,490,latest_sufficient,[]
renbot,threebet,0.03,0.02,0.05,471,471,latest_sufficient,[]
renbot,limp,0.1,0.05,0.30000000000000004,490,490,latest_sufficient,[]
renbot,aggression,1.0,1.0,1.0,170,170,latest_sufficient,[]
renbot,cbet,1.0,1.0,1.0,57,57,latest_sufficient,[]
renbot,bluff,1.0,1.0,1.0,170,170,latest_sufficient,[]
renbot,stickiness,0.41000000000000003,0.03,0.9400000000000001,51,51.19954691974963,still_sparse,"[{""age"": 1, ""gap_hours"": 0.019631944431198967, ""age_discount"": 0.1, ""time_discount"": 0.9977345987481586, ""raw_opportunities"": 2, ""weight"": 0.09977345987481587, ""effective_opportunities"": 0.19954691974963173}]"
renbot,size,1.17,0.605,1.3376249999999998,93,93,latest_sufficient,[]
renbot,adaptive,0.0,0.0,1.0,221,221,latest_sufficient,[]
the big dog,vpip,0.17,0.15,0.23,2046,2046,latest_sufficient,[]
the big dog,pfr,0.17,0.15,0.23,2064,2064,latest_sufficient,[]
the big dog,threebet,0.03,0.03,0.05,1770,1770,latest_sufficient,[]
the big dog,limp,0.2,0.12375000000000004,0.30000000000000004,2064,2064,latest_sufficient,[]
the big dog,aggression,0.5,0.5,0.7000000000000001,659,659,latest_sufficient,[]
the big dog,cbet,0.55,0.45,0.7000000000000001,136,136,latest_sufficient,[]
the big dog,bluff,0.15000000000000002,0.05,0.25,659,659,latest_sufficient,[]
the big dog,stickiness,0.71,0.61,0.87,343,343,latest_sufficient,[]
the big dog,size,0.745,0.607375,0.75,196,196,latest_sufficient,[]
the big dog,adaptive,1.0,0.0,1.0,1002,1002,latest_sufficient,[]
tutududu,vpip,0.18,0.18,0.18,2863,2863,latest_sufficient,[]
tutududu,pfr,0.18,0.18,0.18,2894,2894,latest_sufficient,[]
tutududu,threebet,0.04,0.04,0.05,2629,2629,latest_sufficient,[]
tutududu,limp,0.0,0.0,0.05,2894,2894,latest_sufficient,[]
tutududu,aggression,0.65,0.52375,0.8,1332,1332,latest_sufficient,[]
tutududu,cbet,0.7000000000000001,0.65,0.8,288,288,latest_sufficient,[]
tutududu,bluff,0.4,0.35000000000000003,0.5,1332,1332,latest_sufficient,[]
tutududu,stickiness,1.0,0.8300000000000001,1.0,552,552,latest_sufficient,[]
tutududu,size,0.45,0.445,0.5800000000000001,441,441,latest_sufficient,[]
tutududu,adaptive,0.0,0.0,0.0,1884,1884,latest_sufficient,[]
BigBaller,vpip,0.22,0.18,0.27,1002,1002,latest_sufficient,[]
BigBaller,pfr,0.22,0.18,0.27,1011,1011,latest_sufficient,[]
BigBaller,threebet,0.07,0.06,0.07,897,897,latest_sufficient,[]
BigBaller,limp,0.1,0.0,0.15000000000000002,1011,1011,latest_sufficient,[]
BigBaller,aggression,0.2,0.2,0.6000000000000001,577,577,latest_sufficient,[]
BigBaller,cbet,0.0,0.0,0.05,126,126,latest_sufficient,[]
BigBaller,bluff,0.5,0.1,0.6000000000000001,577,577,latest_sufficient,[]
BigBaller,stickiness,0.8,0.32,0.9,302,302,latest_sufficient,[]
BigBaller,size,0.605,0.6000000000000001,0.6326249999999999,168,168,latest_sufficient,[]
BigBaller,adaptive,0.0,0.0,1.0,879,879,latest_sufficient,[]
Halliday,vpip,1.0,1.0,1.0,4452,4452,latest_sufficient,[]
Halliday,pfr,0.39,0.35000000000000003,0.4,4714,4714,latest_sufficient,[]
Halliday,threebet,0.03,0.03,0.06,4226,4226,latest_sufficient,[]
Halliday,limp,0.30000000000000004,0.25,0.35000000000000003,4714,4714,latest_sufficient,[]
Halliday,aggression,0.25,0.2,0.25,10791,10791,latest_sufficient,[]
Halliday,cbet,0.75,0.7000000000000001,0.8,676,676,latest_sufficient,[]
Halliday,bluff,0.5,0.5,0.55,10791,10791,latest_sufficient,[]
Halliday,stickiness,1.0,1.0,1.0,6102,6102,latest_sufficient,[]
Halliday,size,0.93,0.895,0.935,3493,3493,latest_sufficient,[]
Halliday,adaptive,0.0,0.0,0.0,16893,16893,latest_sufficient,[]
MAC Projects Team Testing Bot 2,vpip,0.23,0.17,0.23,2959,2959,latest_sufficient,[]
MAC Projects Team Testing Bot 2,pfr,0.23,0.17,0.23,2977,2977,latest_sufficient,[]
MAC Projects Team Testing Bot 2,threebet,0.06,0.03,0.06,3014,3014,latest_sufficient,[]
MAC Projects Team Testing Bot 2,limp,0.15000000000000002,0.1,0.2,2977,2977,latest_sufficient,[]
MAC Projects Team Testing Bot 2,aggression,0.30000000000000004,0.30000000000000004,0.45,1134,1134,latest_sufficient,[]
MAC Projects Team Testing Bot 2,cbet,0.7000000000000001,0.6000000000000001,0.8,363,363,latest_sufficient,[]
MAC Projects Team Testing Bot 2,bluff,1.0,1.0,1.0,1134,1134,latest_sufficient,[]
MAC Projects Team Testing Bot 2,stickiness,0.0,0.0,0.21,430,430,latest_sufficient,[]
MAC Projects Team Testing Bot 2,size,0.36,0.35,0.36,458,458,latest_sufficient,[]
MAC Projects Team Testing Bot 2,adaptive,0.0,0.0,0.0,1564,1564,latest_sufficient,[]
Phil_Ivey_GOAT,vpip,0.07,0.07,0.08,1942,1942,latest_sufficient,[]
Phil_Ivey_GOAT,pfr,0.07,0.07,0.08,1954,1954,latest_sufficient,[]
Phil_Ivey_GOAT,threebet,0.01,0.01,0.01,2088,2088,latest_sufficient,[]
Phil_Ivey_GOAT,limp,0.05,0.0,0.1,1954,1954,latest_sufficient,[]
Phil_Ivey_GOAT,aggression,0.5,0.5,0.7000000000000001,451,451,latest_sufficient,[]
Phil_Ivey_GOAT,cbet,0.0,0.0,0.05,83,83,latest_sufficient,[]
Phil_Ivey_GOAT,bluff,0.75,0.55,0.9,451,451,latest_sufficient,[]
Phil_Ivey_GOAT,stickiness,0.28,0.03,0.62,198,198,latest_sufficient,[]
Phil_Ivey_GOAT,size,0.7,0.69,0.7078749999999997,229,229,latest_sufficient,[]
Phil_Ivey_GOAT,adaptive,0.0,0.0,1.0,649,649,latest_sufficient,[]
Tester67,vpip,0.18,0.18,0.18,4137,4137,latest_sufficient,[]
Tester67,pfr,0.18,0.18,0.18,4173,4173,latest_sufficient,[]
Tester67,threebet,0.05,0.05,0.06,4605,4605,latest_sufficient,[]
Tester67,limp,0.1,0.05,0.15000000000000002,4173,4173,latest_sufficient,[]
Tester67,aggression,0.7000000000000001,0.5,0.7000000000000001,2037,2037,latest_sufficient,[]
Tester67,cbet,0.4,0.35000000000000003,0.5,479,479,latest_sufficient,[]
Tester67,bluff,0.35000000000000003,0.25,0.45,2037,2037,latest_sufficient,[]
Tester67,stickiness,0.93,0.67,0.98,1023,1023,latest_sufficient,[]
Tester67,size,0.645,0.64,0.6699999999999999,618,618,latest_sufficient,[]
Tester67,adaptive,1.0,1.0,1.0,3060,3060,latest_sufficient,[]
axiom,vpip,0.22,0.22,0.23,1745,1745,latest_sufficient,[]
axiom,pfr,0.22,0.21,0.23,1761,1761,latest_sufficient,[]
axiom,threebet,0.06,0.06,0.09,1766,1766,latest_sufficient,[]
axiom,limp,0.2,0.15000000000000002,0.25,1761,1761,latest_sufficient,[]
axiom,aggression,0.7000000000000001,0.5,0.8500000000000001,867,867,latest_sufficient,[]
axiom,cbet,0.1,0.0,0.2,193,193,latest_sufficient,[]
axiom,bluff,0.15000000000000002,0.0,0.25,867,867,latest_sufficient,[]
axiom,stickiness,0.31,0.26,0.65,431,431,latest_sufficient,[]
axiom,size,0.925,0.9,0.9326249999999999,226,226,latest_sufficient,[]
axiom,adaptive,0.0,0.0,1.0,1298,1298,latest_sufficient,[]
data,vpip,0.6,0.44,0.77,151,156.3556779930433,still_sparse,"[{""age"": 1, ""gap_hours"": 0.0713411111301846, ""age_discount"": 0.1, ""time_discount"": 0.9917922209339435, ""raw_opportunities"": 54, ""weight"": 0.09917922209339436, ""effective_opportunities"": 5.355677993043296}]"
data,pfr,0.6,0.44,0.77,153,158.45485721513668,still_sparse,"[{""age"": 1, ""gap_hours"": 0.0713411111301846, ""age_discount"": 0.1, ""time_discount"": 0.9917922209339435, ""raw_opportunities"": 55, ""weight"": 0.09917922209339436, ""effective_opportunities"": 5.454857215136689}]"
data,threebet,0.08,0.07,0.08,162,162,latest_sufficient,[]
data,limp,0.45,0.30000000000000004,0.6000000000000001,153,158.45485721513668,still_sparse,"[{""age"": 1, ""gap_hours"": 0.0713411111301846, ""age_discount"": 0.1, ""time_discount"": 0.9917922209339435, ""raw_opportunities"": 55, ""weight"": 0.09917922209339436, ""effective_opportunities"": 5.454857215136689}]"
data,aggression,0.65,0.5,1.0,131,131,latest_sufficient,[]
data,cbet,0.7000000000000001,0.5,0.8762499999999989,44,45.58686755349431,still_sparse,"[{""age"": 1, ""gap_hours"": 0.0713411111301846, ""age_discount"": 0.1, ""time_discount"": 0.9917922209339435, ""raw_opportunities"": 16, ""weight"": 0.09917922209339436, ""effective_opportunities"": 1.5868675534943097}]"
data,bluff,0.65,0.5,1.0,131,131,latest_sufficient,[]
data,stickiness,0.31,0.02,0.41000000000000003,82,84.87619744070844,still_sparse,"[{""age"": 1, ""gap_hours"": 0.0713411111301846, ""age_discount"": 0.1, ""time_discount"": 0.9917922209339435, ""raw_opportunities"": 29, ""weight"": 0.09917922209339436, ""effective_opportunities"": 2.8761974407084363}]"
data,size,0.54,0.48,0.99,47,47.991792220933945,still_sparse,"[{""age"": 1, ""gap_hours"": 0.0713411111301846, ""age_discount"": 0.1, ""time_discount"": 0.9917922209339435, ""raw_opportunities"": 10, ""weight"": 0.09917922209339436, ""effective_opportunities"": 0.9917922209339436}]"
data,adaptive,0.0,0.0,0.0,213,213,latest_sufficient,[]
guaguanco 5,vpip,0.36,0.23,0.38,3414,3414,latest_sufficient,[]
guaguanco 5,pfr,0.36,0.23,0.38,3579,3579,latest_sufficient,[]
guaguanco 5,threebet,0.02,0.02,0.05,2586,2586,latest_sufficient,[]
guaguanco 5,limp,0.25,0.15000000000000002,0.30000000000000004,3579,3579,latest_sufficient,[]
guaguanco 5,aggression,0.5,0.0,0.5,2082,2082,latest_sufficient,[]
guaguanco 5,cbet,0.0,0.0,0.05,672,672,latest_sufficient,[]
guaguanco 5,bluff,0.6000000000000001,0.5,0.9500000000000001,2082,2082,latest_sufficient,[]
guaguanco 5,stickiness,0.07,0.02,0.26,955,955,latest_sufficient,[]
guaguanco 5,size,0.875,0.84,0.875,714,714,latest_sufficient,[]
guaguanco 5,adaptive,0.0,0.0,1.0,3037,3037,latest_sufficient,[]
kurimanju,vpip,0.35000000000000003,0.34,0.38,3959,3959,latest_sufficient,[]
kurimanju,pfr,0.35000000000000003,0.34,0.38,3992,3992,latest_sufficient,[]
kurimanju,threebet,0.02,0.02,0.02,4024,4024,latest_sufficient,[]
kurimanju,limp,0.2,0.2,0.25,3992,3992,latest_sufficient,[]
kurimanju,aggression,0.2,0.2,0.35000000000000003,2909,2909,latest_sufficient,[]
kurimanju,cbet,0.45,0.30000000000000004,0.5,523,523,latest_sufficient,[]
kurimanju,bluff,0.2,0.1,0.25,2909,2909,latest_sufficient,[]
kurimanju,stickiness,0.33,0.12,0.37,2196,2196,latest_sufficient,[]
kurimanju,size,0.71,0.7050000000000001,0.71,536,536,latest_sufficient,[]
kurimanju,adaptive,0.0,0.0,1.0,5105,5105,latest_sufficient,[]
luck is all u need,vpip,0.23,0.17,0.23,3972,3972,latest_sufficient,[]
luck is all u need,pfr,0.23,0.17,0.23,4041,4041,latest_sufficient,[]
luck is all u need,threebet,0.09,0.09,0.09,3957,3957,latest_sufficient,[]
luck is all u need,limp,0.15000000000000002,0.0,0.15000000000000002,4041,4041,latest_sufficient,[]
luck is all u need,aggression,0.15000000000000002,0.05,0.35000000000000003,3473,3473,latest_sufficient,[]
luck is all u need,cbet,0.30000000000000004,0.2,0.4,675,675,latest_sufficient,[]
luck is all u need,bluff,0.9,0.8500000000000001,0.9500000000000001,3473,3473,latest_sufficient,[]
luck is all u need,stickiness,0.31,0.19,0.35000000000000003,1216,1216,latest_sufficient,[]
luck is all u need,size,0.355,0.35,0.36,1367,1367,latest_sufficient,[]
luck is all u need,adaptive,0.0,0.0,0.0,4689,4689,latest_sufficient,[]
percy-perc-filet,vpip,0.45,0.43,0.51,4233,4233,latest_sufficient,[]
percy-perc-filet,pfr,0.45,0.43,0.51,4244,4244,latest_sufficient,[]
percy-perc-filet,threebet,0.11,0.11,0.11,3957,3957,latest_sufficient,[]
percy-perc-filet,limp,0.15000000000000002,0.1,0.2,4244,4244,latest_sufficient,[]
percy-perc-filet,aggression,0.25,0.15000000000000002,0.45,3683,3683,latest_sufficient,[]
percy-perc-filet,cbet,0.05,0.0,0.1,845,845,latest_sufficient,[]
percy-perc-filet,bluff,0.5,0.45,0.55,3683,3683,latest_sufficient,[]
percy-perc-filet,stickiness,0.9400000000000001,0.46,0.99,1661,1661,latest_sufficient,[]
percy-perc-filet,size,0.605,0.605,0.61,991,991,latest_sufficient,[]
percy-perc-filet,adaptive,0.0,0.0,0.0,5344,5344,latest_sufficient,[]
preflop-warrior,vpip,0.23,0.22,0.28,1705,1705,latest_sufficient,[]
preflop-warrior,pfr,0.23,0.22,0.28,1724,1724,latest_sufficient,[]
preflop-warrior,threebet,0.03,0.03,0.03,1537,1537,latest_sufficient,[]
preflop-warrior,limp,0.1,0.05,0.15000000000000002,1724,1724,latest_sufficient,[]
preflop-warrior,aggression,0.5,0.0,0.5,1318,1318,latest_sufficient,[]
preflop-warrior,cbet,0.15000000000000002,0.1,0.30000000000000004,263,263,latest_sufficient,[]
preflop-warrior,bluff,0.2,0.1,0.45,1318,1318,latest_sufficient,[]
preflop-warrior,stickiness,0.27,0.04,0.39,888,888,latest_sufficient,[]
preflop-warrior,size,0.595,0.592375,0.6000000000000001,318,318,latest_sufficient,[]
preflop-warrior,adaptive,0.0,0.0,1.0,2206,2206,latest_sufficient,[]
samith pai is lowkey leng,vpip,0.22,0.15,0.29,208,208,latest_sufficient,[]
samith pai is lowkey leng,pfr,0.22,0.15,0.29,209,209,latest_sufficient,[]
samith pai is lowkey leng,threebet,0.04,0.04,0.07,176,176,latest_sufficient,[]
samith pai is lowkey leng,limp,0.2,0.0,0.25,209,209,latest_sufficient,[]
samith pai is lowkey leng,aggression,0.7000000000000001,0.5,0.7000000000000001,97,97.7491064461476,still_sparse,"[{""age"": 1, ""gap_hours"": 0.010085277822282579, ""age_discount"": 0.1, ""time_discount"": 0.9988355814806912, ""raw_opportunities"": 6, ""weight"": 0.09988355814806912, ""effective_opportunities"": 0.5993013488884147}, {""age"": 2, ""gap_hours"": 0.011254722211096023, ""age_discount"": 0.010000000000000002, ""time_discount"": 0.998700648394481, ""raw_opportunities"": 15, ""weight"": 0.009987006483944813, ""effective_opportunities"": 0.14980509725917218}]"
samith pai is lowkey leng,cbet,0.8500000000000001,0.55,1.0,24,24.119857571115958,still_sparse,"[{""age"": 1, ""gap_hours"": 0.010085277822282579, ""age_discount"": 0.1, ""time_discount"": 0.9988355814806912, ""raw_opportunities"": 1, ""weight"": 0.09988355814806912, ""effective_opportunities"": 0.09988355814806912}, {""age"": 2, ""gap_hours"": 0.011254722211096023, ""age_discount"": 0.010000000000000002, ""time_discount"": 0.998700648394481, ""raw_opportunities"": 2, ""weight"": 0.009987006483944813, ""effective_opportunities"": 0.019974012967889625}]"
samith pai is lowkey leng,bluff,0.25,0.1,0.5,97,97.7491064461476,still_sparse,"[{""age"": 1, ""gap_hours"": 0.010085277822282579, ""age_discount"": 0.1, ""time_discount"": 0.9988355814806912, ""raw_opportunities"": 6, ""weight"": 0.09988355814806912, ""effective_opportunities"": 0.5993013488884147}, {""age"": 2, ""gap_hours"": 0.011254722211096023, ""age_discount"": 0.010000000000000002, ""time_discount"": 0.998700648394481, ""raw_opportunities"": 15, ""weight"": 0.009987006483944813, ""effective_opportunities"": 0.14980509725917218}]"
samith pai is lowkey leng,stickiness,0.88,0.87,0.88,49,49.119844077807336,still_sparse,"[{""age"": 2, ""gap_hours"": 0.011254722211096023, ""age_discount"": 0.010000000000000002, ""time_discount"": 0.998700648394481, ""raw_opportunities"": 12, ""weight"": 0.009987006483944813, ""effective_opportunities"": 0.11984407780733775}]"
samith pai is lowkey leng,size,0.745,0.5800000000000001,0.76,27,27.149818590567794,still_sparse,"[{""age"": 1, ""gap_hours"": 0.010085277822282579, ""age_discount"": 0.1, ""time_discount"": 0.9988355814806912, ""raw_opportunities"": 1, ""weight"": 0.09988355814806912, ""effective_opportunities"": 0.09988355814806912}, {""age"": 2, ""gap_hours"": 0.011254722211096023, ""age_discount"": 0.010000000000000002, ""time_discount"": 0.998700648394481, ""raw_opportunities"": 5, ""weight"": 0.009987006483944813, ""effective_opportunities"": 0.049935032419724065}]"
samith pai is lowkey leng,adaptive,0.0,0.0,0.0,146,146.86895052395494,still_sparse,"[{""age"": 1, ""gap_hours"": 0.010085277822282579, ""age_discount"": 0.1, ""time_discount"": 0.9988355814806912, ""raw_opportunities"": 6, ""weight"": 0.09988355814806912, ""effective_opportunities"": 0.5993013488884147}, {""age"": 2, ""gap_hours"": 0.011254722211096023, ""age_discount"": 0.010000000000000002, ""time_discount"": 0.998700648394481, ""raw_opportunities"": 27, ""weight"": 0.009987006483944813, ""effective_opportunities"": 0.2696491750665099}]"
the notorious,vpip,0.14,0.14,0.15,3505,3505,latest_sufficient,[]
the notorious,pfr,0.14,0.14,0.15,3527,3527,latest_sufficient,[]
the notorious,threebet,0.07,0.06,0.09,3839,3839,latest_sufficient,[]
the notorious,limp,0.0,0.0,0.1,3527,3527,latest_sufficient,[]
the notorious,aggression,0.05,0.0,0.15000000000000002,1475,1475,latest_sufficient,[]
the notorious,cbet,0.45,0.35000000000000003,0.5,353,353,latest_sufficient,[]
the notorious,bluff,0.30000000000000004,0.25,0.35000000000000003,1475,1475,latest_sufficient,[]
the notorious,stickiness,0.24,0.12,0.73,957,957,latest_sufficient,[]
the notorious,size,1.1800000000000002,0.382125,1.1800000000000002,243,243,latest_sufficient,[]
the notorious,adaptive,0.0,0.0,1.0,2432,2432,latest_sufficient,[]
wicked wings combo,vpip,0.62,0.6,0.62,4312,4312,latest_sufficient,[]
wicked wings combo,pfr,0.62,0.6,0.62,4394,4394,latest_sufficient,[]
wicked wings combo,threebet,0.03,0.03,0.03,3332,3332,latest_sufficient,[]
wicked wings combo,limp,0.15000000000000002,0.15000000000000002,0.2,4394,4394,latest_sufficient,[]
wicked wings combo,aggression,0.7000000000000001,0.5,0.7000000000000001,4743,4743,latest_sufficient,[]
wicked wings combo,cbet,0.6000000000000001,0.55,0.65,983,983,latest_sufficient,[]
wicked wings combo,bluff,0.1,0.1,0.15000000000000002,4743,4743,latest_sufficient,[]
wicked wings combo,stickiness,0.31,0.25,0.4,2968,2968,latest_sufficient,[]
wicked wings combo,size,0.65,0.65,0.6699999999999999,967,967,latest_sufficient,[]
wicked wings combo,adaptive,0.0,0.0,0.0,7711,7711,latest_sufficient,[]
