table,games,main,candidate,difference
0,4,-350,-313,37
1,6,118,626,508
2,6,309,309,0
3,5,-211,-381,-170
4,5,39,39,0
5,5,-358,-358,0
6,5,-882,-860,22
7,5,774,810,36
8,4,547,566,19
9,6,464,488,24
10,5,81,103,22
11,5,720,717,-3
12,5,197,287,90
13,6,-626,-578,48
14,5,61,131,70
15,4,583,588,5
16,6,1028,1028,0
17,5,210,210,0
18,5,414,414,0
19,6,1897,1547,-350
20,6,340,340,0
21,5,-32,691,723
22,5,784,799,15
23,6,1375,1375,0
24,5,713,718,5
25,4,237,400,163
26,4,345,345,0
27,5,605,605,0
28,6,445,445,0
29,5,76,76,0
30,5,172,270,98
31,6,144,220,76
32,4,465,465,0
33,4,778,1549,771
34,5,1428,1456,28
35,5,672,857,185
36,6,-202,18,220
37,5,413,470,57
38,6,194,194,0
39,5,-362,-112,250
40,5,1514,1514,0
41,5,13,13,0
42,6,100,100,0
43,5,-509,-850,-341
44,5,936,936,0
45,6,740,814,74
46,6,107,164,57
47,6,217,215,-2
48,6,-333,-564,-231
49,5,-376,-356,20
50,5,469,274,-195
51,6,351,351,0
52,4,382,382,0
53,6,-196,-391,-195
54,6,618,618,0
55,5,482,482,0
56,6,293,293,0
57,6,-75,-64,11
58,6,-270,-261,9
59,5,2320,2258,-62
60,5,-253,-226,27
61,5,-336,-336,0
62,6,-198,-43,155
63,5,161,121,-40
64,5,250,213,-37
65,5,1047,860,-187
66,6,98,98,0
67,5,102,102,0
68,5,384,499,115
69,5,1981,1726,-255
70,5,-568,-554,14
71,5,421,421,0
72,6,615,668,53
73,5,2652,2652,0
74,5,865,680,-185
75,6,293,-32,-325
76,4,163,215,52
77,6,1,1,0
78,5,339,339,0
79,5,853,853,0
80,5,653,653,0
81,5,77,77,0
82,5,362,409,47
83,6,685,685,0
84,5,692,692,0
85,5,-450,-450,0
86,4,328,348,20
87,5,430,430,0
88,4,241,241,0
89,5,73,73,0
90,5,326,150,-176
91,5,8,176,168
92,4,351,351,0
93,5,-229,-229,0
94,6,-583,-713,-130
95,6,162,588,426
96,5,388,418,30
97,5,1004,1241,237
98,4,-289,-428,-139
99,5,1398,1524,126
100,4,84,84,0
101,4,1307,1467,160
102,4,55,55,0
103,5,621,569,-52
104,6,431,431,0
105,5,-555,-555,0
106,5,-94,-94,0
107,4,-365,-365,0
108,5,-227,-227,0
109,6,381,462,81
110,5,607,496,-111
111,5,-368,-353,15
112,5,-138,-138,0
113,6,-345,-501,-156
114,4,-79,-79,0
115,6,479,521,42
116,5,209,209,0
117,5,83,113,30
118,5,126,96,-30
119,5,303,990,687
120,5,730,471,-259
121,5,1246,1246,0
122,6,1130,1337,207
123,5,882,882,0
124,5,383,383,0
125,6,3488,3315,-173
126,5,70,311,241
127,5,144,144,0
128,5,659,659,0
129,4,-46,-46,0
130,4,561,561,0
131,5,913,790,-123
132,5,-58,-168,-110
133,5,-288,-288,0
134,6,956,956,0
135,5,380,186,-194
136,5,340,309,-31
137,5,121,204,83
138,4,777,885,108
139,5,-13,-64,-51
140,5,-48,11,59
141,5,625,625,0
142,5,-427,-427,0
143,6,468,468,0
144,4,275,275,0
145,6,-145,-145,0
146,4,338,338,0
147,5,414,414,0
148,6,-178,-178,0
149,5,-122,-122,0
150,5,-254,-254,0
151,5,528,528,0
152,5,245,217,-28
153,5,197,206,9
154,6,520,520,0
155,6,169,390,221
156,5,1023,1023,0
157,6,-39,-39,0
158,4,-193,-171,22
159,5,-38,-20,18
160,5,416,755,339
161,6,122,133,11
162,5,588,474,-114
163,5,508,508,0
164,5,52,260,208
165,5,499,499,0
166,5,561,796,235
167,5,974,974,0
168,4,784,784,0
169,6,1045,1017,-28
170,4,616,616,0
171,4,-429,-429,0
172,6,345,-37,-382
173,5,549,549,0
174,4,537,446,-91
175,4,726,805,79
176,6,-301,-301,0
177,5,195,533,338
178,6,346,346,0
179,5,-343,-343,0
180,5,-447,-596,-149
181,6,125,125,0
182,5,-180,-97,83
183,4,-300,7,307
184,6,244,213,-31
185,6,-144,85,229
186,6,92,141,49
187,4,-89,-89,0
188,6,446,261,-185
189,5,416,416,0
190,4,-364,-383,-19
191,4,-396,433,829
192,6,722,729,7
193,4,147,147,0
194,5,39,39,0
195,4,198,198,0
196,4,597,618,21
197,5,714,545,-169
198,6,483,483,0
199,5,-115,-115,0
200,5,-316,-316,0
201,4,-30,-30,0
202,5,904,693,-211
203,4,1426,1426,0
204,6,-279,-307,-28
205,4,4758,5196,438
206,4,87,132,45
207,4,482,482,0
208,4,361,367,6
209,5,-179,-179,0
210,4,-236,-236,0
211,6,455,923,468
212,5,9,9,0
213,6,-261,-200,61
214,5,1308,938,-370
215,4,-91,-91,0
216,6,826,967,141
217,6,107,107,0
218,5,296,261,-35
219,6,-360,-360,0
220,6,1769,1463,-306
221,4,427,427,0
222,5,190,190,0
223,5,845,845,0
224,6,-235,-235,0
225,5,139,520,381
226,4,255,270,15
227,5,-213,146,359
228,6,3746,3352,-394
229,5,1142,1099,-43
230,4,-163,-238,-75
231,6,-371,-371,0
232,5,-132,-132,0
233,4,631,631,0
234,6,-388,-388,0
235,5,498,472,-26
236,5,1028,865,-163
237,4,147,128,-19
238,6,598,1408,810
239,5,1873,1675,-198
240,5,-56,-56,0
241,5,-405,-405,0
242,4,292,220,-72
243,4,98,214,116
244,6,439,481,42
245,5,575,481,-94
246,4,135,157,22
247,6,783,783,0
248,6,93,585,492
249,5,670,548,-122
250,5,311,173,-138
251,5,-480,-480,0
252,5,872,872,0
253,6,80,95,15
254,6,89,121,32
255,6,-958,-865,93
256,6,194,321,127
257,5,41,1,-40
258,5,115,187,72
259,6,-283,-283,0
260,5,366,156,-210
261,4,1018,1018,0
262,5,160,171,11
263,6,1316,1316,0
264,6,734,539,-195
265,4,287,390,103
266,4,471,432,-39
267,6,411,468,57
268,5,294,502,208
269,5,587,587,0
270,5,-32,4,36
271,5,107,154,47
272,5,66,66,0
273,5,134,134,0
274,5,233,233,0
275,4,664,684,20
276,5,-488,-488,0
277,6,467,491,24
278,5,253,253,0
279,6,1481,1340,-141
280,5,-15,-60,-45
281,4,-196,-196,0
282,5,216,239,23
283,5,891,726,-165
284,5,-104,50,154
285,6,684,486,-198
286,6,306,369,63
287,6,199,199,0
288,5,-587,-587,0
289,5,809,709,-100
290,5,-96,-96,0
291,5,294,376,82
292,5,575,510,-65
293,6,-237,-299,-62
294,4,172,195,23
295,4,4461,4415,-46
296,4,71,71,0
297,6,1282,3728,2446
298,5,412,417,5
299,6,448,448,0
300,5,-354,-354,0
301,6,-448,-482,-34
302,6,-73,190,263
303,5,832,742,-90
304,4,136,126,-10
305,6,-221,-221,0
306,4,170,170,0
307,4,817,817,0
308,5,-165,-181,-16
309,5,781,1571,790
310,6,-951,-1146,-195
311,6,624,624,0
312,4,584,584,0
313,4,789,789,0
314,5,-356,-368,-12
315,5,119,515,396
316,5,-41,676,717
317,5,135,135,0
318,4,489,489,0
319,6,173,121,-52
320,5,386,398,12
321,6,707,296,-411
322,6,338,250,-88
323,5,50,50,0
324,6,25,25,0
325,6,375,582,207
326,4,-267,-243,24
327,5,438,544,106
328,6,327,255,-72
329,5,1140,1140,0
330,6,-454,-445,9
331,5,464,288,-176
332,5,1412,1245,-167
333,4,-186,-186,0
334,4,190,190,0
335,5,773,862,89
336,4,733,733,0
337,6,-296,-296,0
338,5,195,195,0
339,4,-29,-205,-176
340,4,500,420,-80
341,4,-350,-295,55
342,6,127,127,0
343,5,263,367,104
344,5,185,191,6
345,5,1059,1059,0
346,4,-216,-216,0
347,5,170,170,0
348,6,209,209,0
349,4,-483,-521,-38
350,5,-72,-72,0
351,6,251,251,0
352,4,1,43,42
353,5,483,571,88
354,5,286,286,0
355,6,58,58,0
356,6,328,319,-9
357,4,608,608,0
358,4,33,163,130
359,5,116,116,0
360,5,-620,-620,0
361,5,-171,253,424
362,4,224,224,0
363,5,-122,-122,0
364,6,174,185,11
365,5,886,886,0
366,6,2288,2288,0
367,4,526,526,0
368,6,-244,-163,81
369,5,273,473,200
370,4,158,343,185
371,5,318,372,54
372,6,480,480,0
373,5,548,-170,-718
374,5,-79,-79,0
375,5,820,-462,-1282
376,5,-921,-921,0
377,5,163,261,98
378,5,776,776,0
379,6,526,536,10
380,5,576,576,0
381,4,83,83,0
382,5,272,293,21
383,5,632,632,0
384,5,502,547,45
385,5,314,-334,-648
386,5,37,37,0
387,5,607,829,222
388,4,452,452,0
389,6,859,707,-152
390,6,388,361,-27
391,6,-70,-70,0
392,6,754,770,16
393,4,-219,-219,0
394,5,589,559,-30
395,5,505,505,0
396,4,-35,-35,0
397,4,126,126,0
398,5,256,413,157
399,5,-104,-81,23
400,5,261,507,246
401,4,176,82,-94
402,5,152,152,0
403,6,182,182,0
404,4,26,26,0
405,6,294,1024,730
406,5,799,799,0
407,4,-173,-383,-210
408,6,59,59,0
409,4,42,116,74
410,5,451,451,0
411,5,916,916,0
412,4,508,508,0
413,5,1007,1012,5
414,5,311,311,0
415,5,1411,1438,27
416,5,401,401,0
417,4,2359,2359,0
418,4,46,46,0
419,5,383,-4,-387
420,5,-758,-758,0
421,5,663,698,35
422,5,917,1332,415
423,5,-416,-336,80
424,5,322,322,0
425,6,546,237,-309
426,5,106,127,21
427,4,261,273,12
428,5,376,376,0
429,5,-184,-184,0
430,5,460,460,0
431,5,-765,-765,0
432,6,-261,-261,0
433,5,629,629,0
434,5,-181,-181,0
435,4,-171,-171,0
436,4,-120,-120,0
437,5,49,117,68
438,5,-590,-590,0
439,4,571,586,15
440,6,-289,-280,9
441,6,1241,1059,-182
442,4,-113,-113,0
443,5,349,349,0
444,6,536,536,0
445,5,699,351,-348
446,4,435,292,-143
447,5,1110,1110,0
448,5,280,280,0
449,5,295,80,-215
450,5,-398,-398,0
451,6,441,509,68
452,6,366,222,-144
453,5,1090,1090,0
454,4,779,779,0
455,4,-86,-262,-176
456,5,729,628,-101
457,5,-361,-262,99
458,6,48,48,0
459,6,454,454,0
460,5,51,58,7
461,5,433,627,194
462,5,396,396,0
463,5,7,7,0
464,4,86,104,18
465,5,933,933,0
466,6,-240,-240,0
467,4,452,452,0
468,5,964,964,0
469,5,-445,-473,-28
470,5,244,-21,-265
471,5,394,-107,-501
472,4,708,782,74
473,5,-459,-381,78
474,5,1307,1307,0
475,6,461,461,0
476,4,484,486,2
477,5,1062,1142,80
478,4,-327,-327,0
479,4,371,371,0
480,4,332,467,135
481,6,-144,-228,-84
482,5,853,853,0
483,4,525,327,-198
484,5,126,295,169
485,5,-156,-156,0
486,6,961,1090,129
487,4,245,395,150
488,6,809,1310,501
489,5,149,-87,-236
490,4,244,244,0
491,4,-53,-115,-62
492,4,352,352,0
493,5,-447,-447,0
494,5,97,97,0
495,4,-753,-753,0
496,5,934,718,-216
497,5,606,606,0
498,4,1352,1331,-21
499,4,449,509,60
500,5,131,131,0
501,4,211,247,36
502,5,510,510,0
503,5,1199,1201,2
504,5,1502,636,-866
505,5,2989,3664,675
506,6,1100,1100,0
507,4,754,714,-40
508,4,86,86,0
509,5,1069,985,-84
510,4,18,18,0
511,5,236,366,130
512,6,1225,936,-289
513,5,-849,-842,7
514,5,450,450,0
515,6,518,518,0
516,5,137,137,0
517,5,23,23,0
518,5,1048,1048,0
519,4,-356,-356,0
520,6,967,967,0
521,5,11,11,0
522,5,782,1731,949
523,4,60,60,0
524,4,316,316,0
525,5,-6,-201,-195
526,5,-107,-118,-11
527,4,311,311,0
528,6,142,142,0
529,4,33,33,0
530,5,356,385,29
531,6,1100,1100,0
532,4,-158,-255,-97
533,5,1195,1195,0
534,5,11,-310,-321
535,5,-17,-17,0
536,5,762,762,0
537,5,-166,-166,0
538,6,-813,-813,0
539,4,-334,-334,0
540,5,570,570,0
541,5,443,443,0
542,5,149,384,235
543,5,231,205,-26
544,5,707,724,17
545,4,285,285,0
546,6,1769,1769,0
547,5,201,201,0
548,6,751,860,109
549,6,1173,1493,320
550,6,3730,3938,208
551,4,230,230,0
552,4,682,687,5
553,4,1570,1773,203
554,5,258,82,-176
555,5,1912,1912,0
556,5,-204,-204,0
557,5,-365,-365,0
558,5,-247,-247,0
559,6,232,1060,828
560,5,1756,1963,207
561,5,99,3504,3405
562,5,252,252,0
563,4,403,710,307
564,5,516,516,0
565,4,747,753,6
566,5,568,568,0
567,4,584,574,-10
568,5,565,565,0
569,4,251,251,0
570,5,540,540,0
571,5,422,410,-12
572,5,569,466,-103
573,5,-187,-187,0
574,6,309,309,0
575,5,-357,-9,348
576,5,-5,-5,0
577,6,-46,-46,0
578,5,144,144,0
579,6,-508,-508,0
580,6,-503,-403,100
581,6,74,74,0
582,5,-647,-617,30
583,6,703,703,0
584,5,109,136,27
585,5,267,593,326
586,6,261,261,0
587,4,139,139,0
588,5,463,503,40
589,6,-84,-84,0
590,4,12,-308,-320
591,5,-630,-630,0
592,5,790,783,-7
593,5,208,352,144
594,5,372,372,0
595,4,718,663,-55
596,5,66,-98,-164
597,5,919,869,-50
598,6,-97,-97,0
599,4,325,325,0
600,4,461,461,0
601,6,-574,-553,21
602,5,268,268,0
603,6,-299,-299,0
604,5,-196,-147,49
605,5,264,264,0
606,4,586,534,-52
607,5,491,491,0
608,5,-286,-286,0
609,5,961,961,0
610,5,933,933,0
611,5,-260,-260,0
612,6,327,240,-87
613,5,1083,1083,0
614,5,307,307,0
615,5,18,18,0
616,4,507,507,0
617,6,22,22,0
618,6,583,583,0
619,5,831,838,7
620,4,672,672,0
621,5,-359,-359,0
622,6,-397,-347,50
623,4,715,715,0
624,5,230,230,0
625,5,-428,-428,0
626,5,395,395,0
627,5,410,410,0
628,4,670,670,0
629,4,600,600,0
630,6,-562,-324,238
631,4,168,168,0
632,5,496,496,0
633,4,769,769,0
634,5,326,326,0
635,6,349,349,0
636,4,766,1030,264
637,6,293,176,-117
638,5,-154,28,182
639,5,-235,-235,0
640,6,207,207,0
641,4,130,130,0
642,6,225,225,0
643,4,296,296,0
644,5,232,232,0
645,4,278,278,0
646,5,197,197,0
647,5,851,763,-88
648,5,-319,-268,51
649,6,129,222,93
650,4,894,894,0
651,6,1127,1165,38
652,4,-271,-184,87
653,5,27,27,0
654,5,496,496,0
655,6,259,213,-46
656,5,30,30,0
657,5,428,229,-199
658,5,272,272,0
659,4,339,339,0
660,5,-253,-253,0
661,5,-116,-138,-22
662,5,-257,-257,0
663,4,89,93,4
664,5,356,356,0
665,4,788,788,0
666,5,175,175,0
667,6,558,558,0
668,4,939,942,3
669,5,1373,1373,0
670,6,201,187,-14
671,5,594,594,0
672,5,414,414,0
673,5,1307,1307,0
674,4,528,528,0
675,5,-359,-359,0
676,6,957,228,-729
677,6,-56,-56,0
678,6,45,49,4
679,5,407,366,-41
680,6,-23,-23,0
681,5,-414,-414,0
682,6,625,880,255
683,5,66,66,0
684,6,26,26,0
685,4,-136,1771,1907
686,5,176,176,0
687,6,1273,1273,0
688,4,246,246,0
689,5,466,466,0
690,5,-72,-93,-21
691,4,982,915,-67
692,5,1039,1743,704
693,4,654,546,-108
694,5,793,793,0
695,5,226,215,-11
696,6,-420,-420,0
697,4,267,267,0
698,6,-434,-485,-51
699,6,324,324,0
700,5,878,794,-84
701,5,-19,-19,0
702,4,119,119,0
703,5,735,735,0
704,5,159,159,0
705,5,513,624,111
706,5,340,412,72
707,4,-165,-165,0
708,4,556,200,-356
709,5,973,1199,226
710,5,307,165,-142
711,5,117,117,0
712,5,444,374,-70
713,5,930,1164,234
714,5,441,441,0
715,5,407,407,0
716,5,1431,1060,-371
717,5,931,1367,436
718,6,724,724,0
719,5,193,193,0
720,5,297,297,0
721,5,269,209,-60
722,6,169,-129,-298
723,5,-403,-403,0
724,5,-6,-6,0
725,5,317,317,0
726,5,646,646,0
727,5,236,236,0
728,4,129,92,-37
729,5,-24,30,54
730,6,-284,-284,0
731,5,369,606,237
732,5,558,537,-21
733,6,2062,2284,222
734,5,506,523,17
735,5,-758,-766,-8
736,4,-94,-94,0
737,5,487,430,-57
738,6,309,324,15
739,5,-112,-112,0
740,6,-137,-19,118
741,5,995,957,-38
742,6,607,607,0
743,4,618,813,195
744,6,1344,1344,0
745,5,319,319,0
746,4,2281,2488,207
747,5,148,130,-18
748,5,61,151,90
749,5,-682,-709,-27
750,5,-542,-435,107
751,5,373,310,-63
752,6,555,555,0
753,5,213,-52,-265
754,5,583,583,0
755,6,316,316,0
756,5,-82,-82,0
757,6,-84,-84,0
758,4,28,28,0
759,6,533,533,0
760,5,237,237,0
761,5,150,170,20
762,6,455,393,-62
763,5,304,304,0
764,5,-77,-77,0
765,5,439,439,0
766,4,227,227,0
767,6,3271,1675,-1596
768,5,391,391,0
769,5,227,227,0
770,5,-233,-233,0
771,5,298,298,0
772,6,389,389,0
773,6,736,943,207
774,5,144,25,-119
775,6,481,499,18
776,5,672,-507,-1179
777,6,434,437,3
778,4,366,341,-25
779,4,1876,1646,-230
780,5,809,809,0
781,4,169,-480,-649
782,6,407,506,99
783,5,225,225,0
784,5,-60,-126,-66
785,5,206,115,-91
786,4,-213,-51,162
787,6,965,751,-214
788,5,1028,1039,11
789,5,-170,-185,-15
790,4,154,154,0
791,4,679,624,-55
792,6,485,570,85
793,4,906,890,-16
794,5,1056,1056,0
795,5,-324,-290,34
796,6,377,377,0
797,4,655,655,0
798,6,550,595,45
799,6,632,632,0
800,5,316,316,0
801,4,-176,-176,0
802,5,-84,-57,27
803,6,650,650,0
804,5,592,592,0
805,5,437,488,51
806,5,2483,2483,0
807,5,-201,107,308
808,6,-562,-562,0
809,5,589,692,103
810,5,519,519,0
811,4,1565,1565,0
812,5,878,878,0
813,4,476,433,-43
814,5,95,95,0
815,5,334,334,0
816,5,789,543,-246
817,5,246,384,138
818,4,641,676,35
819,5,708,708,0
820,5,453,453,0
821,4,715,231,-484
822,5,-839,-1028,-189
823,5,-25,-14,11
824,5,395,415,20
825,6,401,143,-258
826,6,443,368,-75
827,6,-443,-353,90
828,6,227,222,-5
829,5,74,218,144
830,5,186,153,-33
831,5,-12,-12,0
832,5,1047,1047,0
833,4,706,515,-191
834,5,127,127,0
835,5,-193,257,450
836,6,-333,-185,148
837,6,698,795,97
838,4,-118,-118,0
839,4,892,913,21
840,5,1086,1086,0
841,6,-171,-171,0
842,5,491,502,11
843,5,681,408,-273
844,4,-315,-237,78
845,5,1121,1121,0
846,5,337,164,-173
847,5,-412,-412,0
848,6,-476,-308,168
849,4,621,621,0
850,5,-74,-74,0
851,6,672,672,0
852,5,16,16,0
853,4,381,381,0
854,5,405,411,6
855,5,999,999,0
856,5,-120,-120,0
857,4,-246,81,327
858,6,-540,-540,0
859,6,663,1262,599
860,5,825,825,0
861,4,674,674,0
862,5,790,861,71
863,5,4059,4469,410
864,5,1450,1450,0
865,4,137,137,0
866,6,465,465,0
867,5,-212,-212,0
868,4,-260,-21,239
869,4,334,334,0
870,6,-271,-296,-25
871,6,153,153,0
872,4,-172,-172,0
873,5,-386,-386,0
874,6,2350,2173,-177
875,5,456,456,0
876,4,797,797,0
877,6,1041,1205,164
878,6,-141,-267,-126
879,6,798,631,-167
880,5,819,819,0
881,5,-16,-16,0
882,5,306,306,0
883,5,556,603,47
884,4,-243,-243,0
885,5,600,600,0
886,5,105,-90,-195
887,4,1651,1656,5
888,6,-256,-256,0
889,4,522,522,0
890,4,238,184,-54
891,5,363,296,-67
892,6,549,549,0
893,4,-453,-453,0
894,5,-293,-299,-6
895,5,238,238,0
896,6,-182,-156,26
897,6,1349,1309,-40
898,5,-19,-19,0
899,5,876,883,7
900,4,808,713,-95
901,5,519,497,-22
902,5,222,222,0
903,5,-502,-302,200
904,6,1027,1217,190
905,5,252,252,0
906,5,1232,1242,10
907,6,1652,2055,403
908,5,-177,247,424
909,5,655,655,0
910,5,83,160,77
911,5,143,143,0
912,4,-186,-186,0
913,5,790,877,87
914,5,-106,102,208
915,5,229,40,-189
916,5,2755,2760,5
917,5,1010,1242,232
918,6,241,187,-54
919,5,-180,-99,81
920,5,-529,-529,0
921,5,173,173,0
922,5,873,1308,435
923,6,-796,-721,75
924,5,168,168,0
925,5,422,370,-52
926,5,471,471,0
927,6,-389,-389,0
928,5,358,380,22
929,6,688,688,0
930,5,249,394,145
931,4,73,73,0
932,6,816,640,-176
933,6,479,700,221
934,5,583,583,0
935,6,835,821,-14
936,5,-213,-157,56
937,4,384,384,0
938,5,107,114,7
939,6,433,433,0
940,5,1593,1353,-240
941,5,504,504,0
942,4,283,426,143
943,5,-344,-344,0
944,4,502,502,0
945,6,-355,-355,0
946,6,-103,-103,0
947,5,283,219,-64
948,4,265,265,0
949,4,820,910,90
950,4,-22,-22,0
951,5,658,658,0
952,4,92,92,0
953,6,696,696,0
954,4,116,116,0
955,5,657,681,24
956,4,65,65,0
957,5,534,534,0
958,6,577,560,-17
959,4,-325,-299,26
960,5,1383,1383,0
961,5,285,285,0
962,6,255,255,0
963,5,387,387,0
964,5,656,656,0
965,5,611,611,0
966,5,-63,19,82
967,4,130,130,0
968,6,327,327,0
969,5,12,12,0
970,4,-225,-582,-357
971,4,-639,-630,9
972,4,264,264,0
973,6,304,304,0
974,5,505,505,0
975,5,-556,-535,21
976,5,576,576,0
977,5,21,238,217
978,5,-388,-388,0
979,6,1756,3481,1725
980,5,1276,1150,-126
981,5,474,474,0
982,6,-551,-551,0
983,5,112,133,21
984,5,368,368,0
985,6,-67,-165,-98
986,4,10,10,0
987,5,212,259,47
988,4,646,646,0
989,4,952,952,0
990,4,-178,-354,-176
991,4,278,342,64
992,6,920,500,-420
993,5,244,244,0
994,4,326,326,0
995,5,-269,-269,0
996,4,244,688,444
997,6,321,321,0
998,4,304,304,0
999,6,1046,1046,0
1000,5,126,338,212
1001,4,425,425,0
1002,6,1182,1039,-143
1003,5,3,3,0
1004,4,-20,-20,0
1005,6,46,58,12
1006,6,359,164,-195
1007,5,-280,-280,0
1008,4,370,370,0
1009,6,-182,-152,30
1010,4,597,1027,430
1011,6,226,77,-149
1012,5,1978,1682,-296
1013,6,1311,1311,0
1014,6,961,961,0
1015,5,80,235,155
1016,5,-350,375,725
1017,4,208,208,0
1018,5,489,633,144
1019,5,268,268,0
1020,6,241,315,74
1021,5,79,85,6
1022,6,228,348,120
1023,4,714,714,0
1024,4,1679,1679,0
1025,5,694,694,0
1026,4,96,-76,-172
1027,5,-300,-308,-8
1028,5,1797,1797,0
1029,4,-533,-533,0
1030,6,91,-159,-250
1031,5,576,576,0
1032,6,1257,1257,0
1033,4,1507,1492,-15
1034,5,168,168,0
1035,6,534,534,0
1036,6,1276,1276,0
1037,5,-53,-53,0
1038,5,-166,-166,0
1039,5,340,301,-39
1040,6,110,110,0
1041,4,414,414,0
1042,6,1621,1621,0
1043,5,166,-73,-239
1044,6,3111,2660,-451
1045,5,328,328,0
1046,5,700,700,0
1047,5,149,116,-33
1048,6,-284,-284,0
1049,5,-223,-223,0
1050,6,445,445,0
1051,6,210,229,19
1052,6,1081,1216,135
1053,5,799,631,-168
1054,5,475,259,-216
1055,4,-113,-293,-180
1056,5,624,711,87
1057,5,-830,-830,0
1058,4,480,515,35
1059,6,475,840,365
1060,4,-160,-160,0
1061,4,647,647,0
1062,4,493,276,-217
1063,5,42,147,105
1064,5,-697,-697,0
1065,5,655,655,0
1066,5,277,277,0
1067,4,461,461,0
1068,6,329,329,0
1069,5,172,519,347
1070,5,-626,-626,0
1071,5,229,229,0
1072,4,186,348,162
1073,5,345,298,-47
1074,5,186,186,0
1075,5,-180,-180,0
1076,5,2485,2287,-198
1077,4,893,815,-78
1078,5,-257,-257,0
1079,6,695,1605,910
1080,4,-395,-269,126
1081,5,4431,4431,0
1082,5,544,589,45
1083,5,742,742,0
1084,4,-269,-123,146
1085,5,-243,-190,53
1086,6,-98,-98,0
1087,5,18,93,75
1088,5,186,186,0
1089,6,242,302,60
1090,5,539,539,0
1091,4,-251,-164,87
1092,5,-625,-586,39
1093,4,681,632,-49
1094,5,222,222,0
1095,5,509,282,-227
1096,4,1439,1447,8
1097,5,-183,145,328
1098,5,547,605,58
1099,4,333,333,0
1100,5,323,338,15
1101,5,-185,-185,0
1102,6,652,1083,431
1103,5,-192,-192,0
1104,6,1382,1382,0
1105,5,923,985,62
1106,4,876,876,0
1107,5,1314,1314,0
1108,5,474,474,0
1109,4,248,279,31
1110,6,707,707,0
1111,5,149,149,0
1112,5,-213,1159,1372
1113,5,-346,475,821
1114,4,568,695,127
1115,6,105,105,0
1116,6,203,421,218
1117,5,1296,1296,0
1118,4,601,601,0
1119,6,1298,1320,22
1120,5,242,242,0
1121,5,897,897,0
1122,5,426,426,0
1123,4,112,112,0
1124,5,79,79,0
1125,6,-554,-446,108
1126,5,-221,-90,131
1127,5,291,185,-106
1128,5,55,-72,-127
1129,4,1041,1086,45
1130,6,-74,147,221
1131,5,304,304,0
1132,4,226,226,0
1133,5,343,268,-75
1134,6,960,960,0
1135,6,276,276,0
1136,5,195,195,0
1137,6,268,31,-237
1138,5,-386,-386,0
1139,4,606,198,-408
1140,5,432,234,-198
1141,5,-302,-302,0
1142,5,739,764,25
1143,5,-96,-96,0
1144,4,220,220,0
1145,5,409,-263,-672
1146,4,479,479,0
1147,4,934,861,-73
1148,4,-324,-106,218
1149,6,-341,-271,70
1150,4,142,142,0
1151,6,1197,1166,-31
1152,5,-213,-438,-225
1153,5,1037,1037,0
1154,6,872,798,-74
1155,4,564,797,233
1156,5,79,-89,-168
1157,6,-462,-462,0
1158,4,239,239,0
1159,5,463,463,0
1160,4,375,236,-139
1161,5,548,548,0
1162,5,-365,-278,87
1163,6,581,547,-34
1164,5,-154,-154,0
1165,5,243,243,0
1166,5,616,616,0
1167,5,-359,-299,60
1168,6,-105,-105,0
1169,5,-19,304,323
1170,5,33,33,0
1171,5,172,172,0
1172,5,-29,-29,0
1173,5,697,697,0
1174,5,102,114,12
1175,5,652,457,-195
1176,4,-15,-15,0
1177,5,-468,-468,0
1178,5,859,859,0
1179,5,237,237,0
1180,4,208,208,0
1181,4,64,64,0
1182,6,113,113,0
1183,5,775,775,0
1184,4,59,-207,-266
1185,6,352,352,0
1186,6,344,320,-24
1187,5,340,152,-188
1188,5,210,210,0
1189,5,907,803,-104
1190,5,744,744,0
1191,5,855,863,8
1192,5,805,836,31
1193,4,700,700,0
1194,4,-31,-31,0
1195,5,-202,-69,133
1196,6,1050,1050,0
1197,5,1010,1010,0
1198,6,-262,-262,0
1199,5,-215,-442,-227
1200,5,678,678,0
1201,6,118,124,6
1202,4,-99,-99,0
1203,5,201,201,0
1204,5,-266,-266,0
1205,5,765,482,-283
1206,5,342,342,0
1207,5,471,525,54
1208,6,298,381,83
1209,5,290,290,0
1210,4,123,223,100
1211,6,581,581,0
1212,6,444,249,-195
1213,6,789,789,0
1214,4,461,461,0
1215,5,-318,-318,0
1216,5,-302,-302,0
1217,4,55,55,0
1218,5,531,531,0
1219,5,693,693,0
1220,5,2,2,0
1221,5,-198,-198,0
1222,5,251,71,-180
1223,4,-301,-254,47
1224,6,414,443,29
1225,5,709,660,-49
1226,4,270,270,0
1227,4,-284,-284,0
1228,5,498,498,0
1229,5,889,896,7
1230,5,-761,-761,0
1231,4,916,1132,216
1232,4,278,278,0
1233,6,696,696,0
1234,6,481,489,8
1235,4,-630,-1,629
1236,4,533,533,0
1237,6,102,150,48
1238,5,-242,-242,0
1239,5,-769,-769,0
1240,5,-153,-153,0
1241,6,263,328,65
1242,5,248,248,0
1243,4,665,665,0
1244,5,235,235,0
1245,5,-77,-77,0
1246,5,217,152,-65
1247,6,411,431,20
1248,5,-778,-758,20
1249,6,207,207,0
1250,4,84,96,12
1251,6,-76,-19,57
1252,5,-149,-115,34
1253,6,-669,-669,0
1254,5,445,249,-196
1255,5,226,176,-50
1256,5,-300,-284,16
1257,5,490,490,0
1258,6,-247,-237,10
1259,5,1133,1133,0
1260,6,553,553,0
1261,5,464,472,8
1262,5,690,690,0
1263,6,2540,1349,-1191
1264,6,-150,-141,9
1265,5,-117,-297,-180
1266,5,1392,1392,0
1267,6,-178,-202,-24
1268,5,173,173,0
1269,5,1205,712,-493
1270,6,209,209,0
1271,5,661,661,0
1272,6,1029,1211,182
1273,5,375,375,0
1274,5,976,1039,63
1275,5,1486,1262,-224
1276,6,108,108,0
1277,6,197,197,0
1278,6,693,657,-36
1279,5,160,160,0
1280,6,59,-35,-94
1281,5,820,820,0
1282,5,267,267,0
1283,5,299,299,0
1284,6,140,146,6
1285,4,333,415,82
1286,4,855,855,0
1287,5,551,771,220
1288,5,546,438,-108
1289,4,-73,-53,20
1290,6,-549,-549,0
1291,5,-546,-251,295
1292,4,-147,-68,79
1293,6,-52,-52,0
1294,4,1009,1009,0
1295,5,-234,-67,167
1296,5,174,231,57
1297,6,749,767,18
1298,6,842,873,31
1299,6,436,436,0
1300,5,339,339,0
1301,5,712,712,0
1302,5,182,182,0
1303,6,1299,1089,-210
1304,4,515,515,0
1305,6,0,-226,-226
1306,5,540,419,-121
1307,4,702,702,0
1308,4,134,134,0
1309,4,-88,-66,22
1310,5,-324,-300,24
1311,6,35,35,0
1312,6,1367,1373,6
1313,5,1205,1676,471
1314,6,489,687,198
1315,5,152,432,280
1316,6,227,227,0
1317,4,308,376,68
1318,6,13,39,26
1319,5,-440,-440,0
1320,5,331,331,0
1321,5,566,566,0
1322,6,138,138,0
1323,5,-205,-86,119
1324,6,116,141,25
1325,5,25,-24,-49
1326,5,664,664,0
1327,5,835,1042,207
1328,4,458,86,-372
1329,5,-541,-678,-137
1330,6,826,826,0
1331,5,1087,1087,0
1332,5,1172,1045,-127
1333,5,-85,-85,0
1334,4,1077,1796,719
1335,5,257,257,0
1336,4,1379,1379,0
1337,5,325,325,0
1338,4,-263,-263,0
1339,5,-794,-294,500
1340,5,-122,-122,0
1341,5,132,76,-56
1342,4,-238,-238,0
1343,5,157,157,0
1344,6,76,76,0
1345,4,157,157,0
1346,5,-558,-690,-132
1347,5,662,640,-22
1348,4,38,-4,-42
1349,4,68,-175,-243
1350,6,426,426,0
1351,4,532,968,436
1352,5,371,131,-240
1353,5,2451,2253,-198
1354,6,335,335,0
1355,5,885,885,0
1356,4,226,252,26
1357,4,239,58,-181
1358,5,621,621,0
1359,5,541,819,278
1360,5,-46,-46,0
1361,5,-26,-26,0
1362,6,520,520,0
1363,6,235,328,93
1364,5,-695,-745,-50
1365,5,-296,-362,-66
1366,5,-31,-1,30
1367,6,338,338,0
1368,6,-94,-547,-453
1369,6,458,458,0
1370,5,547,704,157
1371,5,522,537,15
1372,5,892,697,-195
1373,5,925,925,0
1374,5,-36,0,36
1375,6,108,108,0
1376,5,46,-74,-120
1377,6,-316,-316,0
1378,4,576,576,0
1379,6,34,-136,-170
1380,5,423,423,0
1381,6,318,471,153
1382,4,976,822,-154
1383,5,685,633,-52
1384,5,589,168,-421
1385,5,542,307,-235
1386,6,1356,1356,0
1387,6,365,365,0
1388,6,809,809,0
1389,5,-143,-143,0
1390,4,-363,-363,0
1391,4,-427,-454,-27
1392,5,338,338,0
1393,6,761,566,-195
1394,5,1408,1247,-161
1395,5,761,969,208
1396,5,-439,-430,9
1397,5,593,531,-62
1398,6,2276,2681,405
1399,5,1112,1295,183
1400,4,-226,-226,0
1401,5,679,507,-172
1402,5,75,-105,-180
1403,4,375,375,0
1404,5,1382,1683,301
1405,6,1560,1560,0
1406,6,834,318,-516
1407,4,299,299,0
1408,4,66,66,0
1409,5,965,965,0
1410,5,415,340,-75
1411,4,276,97,-179
1412,5,950,941,-9
1413,6,945,1035,90
1414,6,300,300,0
1415,5,369,333,-36
1416,5,851,1334,483
1417,5,-142,-147,-5
1418,5,198,198,0
1419,5,-27,-27,0
1420,4,-298,-338,-40
1421,6,-315,-513,-198
1422,5,-825,-818,7
1423,6,846,846,0
1424,6,67,82,15
1425,5,313,313,0
1426,5,439,434,-5
1427,5,-511,-474,37
1428,4,937,725,-212
1429,5,-71,-71,0
1430,6,215,215,0
1431,5,-154,-305,-151
1432,4,225,225,0
1433,5,118,194,76
1434,4,84,84,0
1435,5,353,470,117
1436,5,56,56,0
1437,4,-506,-603,-97
1438,4,440,855,415
1439,5,1313,2227,914
1440,5,-451,-220,231
1441,5,959,874,-85
1442,5,224,224,0
1443,5,-653,-629,24
1444,6,-150,-150,0
1445,4,167,167,0
1446,5,671,671,0
1447,6,-132,-140,-8
1448,4,237,327,90
1449,5,557,709,152
1450,5,459,-325,-784
1451,5,3876,4435,559
1452,6,-118,-419,-301
1453,5,-313,-273,40
1454,4,-264,312,576
1455,4,-244,-295,-51
1456,5,148,129,-19
1457,5,3654,2872,-782
1458,5,65,-270,-335
1459,6,153,355,202
1460,5,-695,-662,33
1461,4,57,57,0
1462,6,1068,1507,439
1463,5,-98,-90,8
1464,6,421,588,167
1465,5,132,354,222
1466,5,526,526,0
1467,4,182,256,74
1468,5,-499,293,792
1469,5,739,660,-79
1470,5,659,659,0
1471,4,4,95,91
1472,5,361,361,0
1473,6,1103,1257,154
1474,4,423,465,42
1475,4,56,56,0
1476,5,-178,-163,15
1477,5,-200,-303,-103
1478,5,905,905,0
1479,5,-173,3,176
1480,5,-327,-315,12
1481,4,32,32,0
1482,4,256,145,-111
1483,5,269,410,141
1484,5,1078,1078,0
1485,4,196,255,59
1486,4,55,55,0
1487,5,261,-171,-432
1488,5,250,250,0
1489,4,-61,164,225
1490,5,-395,-506,-111
1491,6,422,422,0
1492,5,1084,854,-230
1493,5,194,194,0
1494,5,-330,-528,-198
1495,5,1021,1021,0
1496,4,-600,-315,285
1497,4,316,316,0
1498,4,-294,-272,22
1499,6,2355,2355,0
1500,6,1664,3112,1448
1501,5,-54,-98,-44
1502,6,1378,1378,0
1503,4,1428,1412,-16
1504,6,371,413,42
1505,6,203,675,472
1506,5,-46,27,73
1507,5,680,683,3
1508,5,1210,760,-450
1509,5,389,475,86
1510,5,814,860,46
1511,5,-469,-469,0
1512,5,350,498,148
1513,4,-400,-400,0
1514,5,122,122,0
1515,5,1823,3002,1179
1516,5,433,433,0
1517,5,1533,1246,-287
1518,5,918,748,-170
1519,4,448,448,0
1520,6,284,81,-203
1521,5,292,676,384
1522,5,758,1020,262
1523,5,154,238,84
1524,5,589,508,-81
1525,5,333,555,222
1526,5,-220,-350,-130
1527,5,18,-10,-28
1528,5,419,419,0
1529,5,966,966,0
1530,6,1130,1130,0
1531,5,325,435,110
1532,6,38,38,0
1533,6,1621,1043,-578
1534,4,178,178,0
1535,5,62,62,0
1536,6,325,325,0
1537,5,128,146,18
1538,5,113,113,0
1539,5,-338,-525,-187
1540,6,181,181,0
1541,6,-685,-685,0
1542,5,-89,-89,0
1543,4,576,616,40
1544,6,-232,-112,120
1545,6,97,140,43
1546,5,154,300,146
1547,5,711,642,-69
1548,4,630,630,0
1549,4,-298,-248,50
1550,6,2570,2735,165
1551,4,289,317,28
1552,5,86,86,0
1553,6,591,591,0
1554,4,246,353,107
1555,4,70,85,15
1556,5,289,289,0
1557,6,596,596,0
1558,6,409,151,-258
1559,4,-299,-299,0
1560,5,412,480,68
1561,6,443,475,32
1562,5,282,282,0
1563,5,422,422,0
1564,5,577,1484,907
1565,5,460,460,0
1566,5,860,855,-5
1567,6,1248,1248,0
1568,4,19,19,0
1569,6,-143,125,268
1570,4,104,622,518
1571,5,682,687,5
1572,5,124,124,0
1573,5,1066,541,-525
1574,5,358,358,0
1575,6,157,360,203
1576,5,1139,1139,0
1577,4,67,361,294
1578,5,114,130,16
1579,5,657,657,0
1580,5,639,639,0
1581,5,-314,-298,16
1582,4,226,226,0
1583,4,-131,-101,30
1584,4,-320,-320,0
1585,4,-2,-2,0
1586,4,110,110,0
1587,5,623,623,0
1588,6,-112,-99,13
1589,4,483,329,-154
1590,6,1832,2040,208
1591,6,476,476,0
1592,5,991,991,0
1593,6,239,343,104
1594,6,137,137,0
1595,4,272,292,20
1596,6,353,418,65
1597,5,1070,1070,0
1598,6,56,71,15
1599,5,2574,2181,-393
1600,5,-162,-94,68
1601,5,-216,-142,74
1602,6,653,671,18
1603,6,1080,1032,-48
1604,4,1316,1220,-96
1605,5,2,2,0
1606,5,286,322,36
1607,5,209,209,0
1608,6,583,583,0
1609,4,206,206,0
1610,5,748,707,-41
1611,5,165,165,0
1612,5,613,759,146
1613,4,757,757,0
1614,6,2975,2189,-786
1615,6,650,778,128
1616,6,233,172,-61
1617,6,726,726,0
1618,6,551,551,0
1619,5,832,899,67
1620,6,1298,1052,-246
1621,5,555,555,0
1622,4,517,517,0
1623,6,421,421,0
1624,5,587,587,0
1625,5,333,201,-132
1626,6,271,-157,-428
1627,6,192,201,9
1628,6,-803,-803,0
1629,5,287,287,0
1630,5,-146,-273,-127
1631,5,610,610,0
1632,5,-363,-363,0
1633,6,359,482,123
1634,5,591,606,15
1635,5,-392,-258,134
1636,4,1354,1210,-144
1637,6,-257,133,390
1638,4,274,341,67
1639,5,-373,-305,68
1640,5,638,608,-30
1641,5,63,-131,-194
1642,5,-124,-124,0
1643,4,-184,-184,0
1644,5,211,218,7
1645,6,991,1090,99
1646,4,2955,2757,-198
1647,6,305,305,0
1648,5,692,692,0
1649,6,842,962,120
1650,4,-84,-282,-198
1651,4,243,243,0
1652,5,30,30,0
1653,4,389,389,0
1654,5,41,72,31
1655,4,221,221,0
1656,6,-122,-82,40
1657,5,1097,1077,-20
1658,5,480,413,-67
1659,5,-64,-64,0
1660,5,-332,-3,329
1661,5,9,19,10
1662,5,-375,-375,0
1663,4,1004,1004,0
1664,5,300,300,0
1665,5,3276,3034,-242
1666,4,-68,-68,0
1667,5,790,1192,402
1668,5,864,774,-90
1669,5,659,659,0
1670,5,-236,-236,0
1671,4,282,488,206
1672,5,-564,-564,0
1673,6,406,919,513
1674,5,349,349,0
1675,5,853,892,39
1676,6,217,217,0
1677,5,-321,-262,59
1678,5,-3,-3,0
1679,5,2368,1933,-435
1680,5,2056,2282,226
1681,5,359,464,105
1682,5,938,938,0
1683,6,-309,-151,158
1684,6,620,620,0
1685,4,224,289,65
1686,4,221,274,53
1687,6,1011,1413,402
1688,4,-67,-67,0
1689,6,-248,308,556
1690,6,375,375,0
1691,6,-141,-60,81
1692,6,-94,-94,0
1693,5,261,1129,868
1694,4,934,934,0
1695,5,11,105,94
1696,5,375,387,12
1697,6,665,676,11
1698,4,-246,-246,0
1699,6,1644,1742,98
1700,6,1724,1330,-394
1701,5,250,314,64
1702,5,83,34,-49
1703,4,-419,-419,0
1704,6,219,238,19
1705,5,129,129,0
1706,4,1015,1218,203
1707,4,955,760,-195
1708,5,1275,1195,-80
1709,5,486,508,22
1710,5,493,505,12
1711,4,597,597,0
1712,6,245,172,-73
1713,4,509,974,465
1714,5,451,451,0
1715,6,193,449,256
1716,5,-401,-401,0
1717,5,630,716,86
1718,6,-248,-408,-160
1719,5,224,209,-15
1720,5,262,135,-127
1721,5,152,152,0
1722,5,828,828,0
1723,5,815,815,0
1724,4,-37,14,51
1725,6,-185,41,226
1726,5,87,87,0
1727,5,829,1668,839
1728,5,23,23,0
1729,6,370,370,0
1730,6,286,324,38
1731,5,135,461,326
1732,4,427,427,0
1733,4,519,519,0
1734,4,581,581,0
1735,6,625,492,-133
1736,5,243,377,134
1737,6,466,466,0
1738,4,463,599,136
1739,6,1187,1354,167
1740,5,375,384,9
1741,5,-475,-260,215
1742,4,-90,-90,0
1743,6,104,104,0
1744,5,289,269,-20
1745,5,451,384,-67
1746,6,-445,-445,0
1747,5,935,935,0
1748,4,-117,143,260
1749,5,71,71,0
1750,5,-298,38,336
1751,5,539,363,-176
1752,5,-224,-224,0
1753,5,1841,3722,1881
1754,4,140,140,0
1755,5,491,296,-195
1756,6,662,662,0
1757,6,866,752,-114
1758,5,3,3,0
1759,4,-153,-338,-185
1760,5,435,500,65
1761,6,1497,1551,54
1762,5,695,695,0
1763,5,586,586,0
1764,4,205,205,0
1765,5,1338,1141,-197
1766,6,-344,-399,-55
1767,6,248,667,419
1768,4,330,363,33
1769,5,-114,-5,109
1770,4,1736,1736,0
1771,5,466,1030,564
1772,6,232,232,0
1773,4,905,911,6
1774,5,482,450,-32
1775,5,466,466,0
1776,5,592,592,0
1777,4,114,114,0
1778,5,438,438,0
1779,5,576,576,0
1780,4,1095,1175,80
1781,5,816,932,116
1782,4,966,966,0
1783,5,584,596,12
1784,5,300,324,24
1785,5,1074,909,-165
1786,6,73,73,0
1787,5,927,906,-21
1788,4,720,720,0
1789,5,-447,-447,0
1790,5,1281,1437,156
1791,5,-395,-395,0
1792,4,-317,-317,0
1793,6,-524,-482,42
1794,6,-423,-203,220
1795,5,-461,-410,51
1796,4,-580,-797,-217
1797,4,687,834,147
1798,6,656,576,-80
1799,5,-362,-362,0
1800,4,806,806,0
1801,5,-95,-95,0
1802,6,544,673,129
1803,5,869,869,0
1804,5,-118,-118,0
1805,6,193,479,286
1806,6,1147,723,-424
1807,4,-23,-23,0
1808,5,65,65,0
1809,5,848,508,-340
1810,5,-72,-44,28
1811,5,221,229,8
1812,5,518,332,-186
1813,6,-112,-112,0
1814,4,189,189,0
1815,5,395,373,-22
1816,6,389,80,-309
1817,4,-139,-468,-329
1818,6,296,606,310
1819,5,551,752,201
1820,5,273,57,-216
1821,5,540,570,30
1822,5,-95,131,226
1823,5,-100,-89,11
1824,5,-454,-448,6
1825,5,447,200,-247
1826,5,-345,-345,0
1827,5,201,201,0
1828,4,596,596,0
1829,5,911,961,50
1830,5,1075,1309,234
1831,4,560,315,-245
1832,6,943,779,-164
1833,6,174,373,199
1834,5,196,671,475
1835,4,-277,-295,-18
1836,5,93,93,0
1837,4,357,357,0
1838,6,1736,1714,-22
1839,5,1016,1038,22
1840,4,-597,-537,60
1841,5,483,488,5
1842,6,606,1003,397
1843,5,649,649,0
1844,5,351,351,0
1845,5,-478,-413,65
1846,5,244,119,-125
1847,5,1102,907,-195
1848,4,-51,-65,-14
1849,4,-544,-296,248
1850,5,269,226,-43
1851,5,712,1067,355
1852,4,-21,-21,0
1853,5,481,481,0
1854,5,511,201,-310
1855,4,791,791,0
1856,5,532,532,0
1857,5,490,490,0
1858,5,317,357,40
1859,5,889,889,0
1860,6,433,605,172
1861,5,148,148,0
1862,5,522,522,0
1863,5,-317,-473,-156
1864,6,-363,-703,-340
1865,4,676,676,0
1866,4,76,57,-19
1867,4,-87,-116,-29
1868,6,1186,1283,97
1869,5,732,732,0
1870,4,-273,-289,-16
1871,5,952,952,0
1872,5,-180,-137,43
1873,6,-99,-293,-194
1874,5,-300,-251,49
1875,6,242,275,33
1876,6,-412,-412,0
1877,6,-27,404,431
1878,5,398,398,0
1879,6,316,316,0
1880,4,3,3,0
1881,5,839,839,0
1882,5,197,280,83
1883,5,-9,-9,0
1884,5,-250,-298,-48
1885,4,3,332,329
1886,4,143,143,0
1887,5,1468,1720,252
1888,5,398,262,-136
1889,6,1182,811,-371
1890,6,1036,810,-226
1891,5,199,172,-27
1892,6,779,779,0
1893,6,1145,1145,0
1894,4,210,210,0
1895,6,466,466,0
1896,5,40,534,494
1897,5,613,613,0
1898,5,775,610,-165
1899,5,-21,-21,0
1900,6,1294,1294,0
1901,5,707,707,0
1902,6,880,880,0
1903,5,1154,754,-400
1904,5,1087,1087,0
1905,5,-152,-152,0
1906,5,308,308,0
1907,6,1102,1102,0
1908,5,-164,27,191
1909,6,67,176,109
1910,4,124,124,0
1911,5,-88,26,114
1912,6,1239,1044,-195
1913,5,1070,1070,0
1914,4,-25,-78,-53
1915,6,822,822,0
1916,4,-11,-11,0
1917,4,66,66,0
1918,6,-366,-366,0
1919,5,904,904,0
1920,5,11,11,0
1921,4,837,837,0
1922,6,418,418,0
1923,6,-80,-53,27
1924,5,929,1147,218
1925,4,-92,277,369
1926,5,-14,-14,0
1927,5,617,639,22
1928,6,530,136,-394
1929,5,295,295,0
1930,4,174,128,-46
1931,6,-440,-221,219
1932,6,360,360,0
1933,6,1524,1760,236
1934,6,-54,-54,0
1935,5,4200,3168,-1032
1936,4,175,175,0
1937,5,192,192,0
1938,6,-356,-356,0
1939,6,803,803,0
1940,5,186,186,0
1941,4,396,1275,879
1942,5,911,942,31
1943,6,-114,-284,-170
1944,5,108,108,0
1945,5,126,126,0
1946,4,437,437,0
1947,5,-361,-261,100
1948,6,-420,-420,0
1949,5,1076,1076,0
1950,4,783,599,-184
1951,5,698,698,0
1952,6,591,591,0
1953,4,470,470,0
1954,5,623,623,0
1955,6,43,-175,-218
1956,5,-713,-705,8
1957,5,394,394,0
1958,6,1138,1098,-40
1959,5,-109,-73,36
1960,4,240,269,29
1961,5,700,1227,527
1962,5,1732,1934,202
1963,5,-4,34,38
1964,4,-201,-201,0
1965,5,158,158,0
1966,6,1387,1189,-198
1967,5,1518,1518,0
1968,5,112,112,0
1969,5,406,230,-176
1970,5,412,412,0
1971,4,73,73,0
1972,4,628,628,0
1973,6,673,899,226
1974,5,-863,-863,0
1975,5,800,800,0
1976,5,122,122,0
1977,5,538,538,0
1978,5,-614,-511,103
1979,4,145,54,-91
1980,4,164,390,226
1981,5,211,-179,-390
1982,5,-266,-239,27
1983,5,1131,1337,206
1984,5,44,-112,-156
1985,6,1880,1880,0
1986,6,315,523,208
1987,4,574,574,0
1988,4,432,432,0
1989,4,656,590,-66
