match,kind,hands,chips,folds,flags,bad_calls,missed_calls,terminal_call_fold_saving,allin_count,allin_luck,allin_expected,allin_actual,flagged_actions,loss_categories,worst_hands
j97fpmcf5371heqmbr0khkrz0d8fjj5k,ladder,100,-505,77,0,0,0,0,1,-10.1431884765625,10.1431884765625,0,[],"{""blind_only_fold"":{""hands"":32,""chips"":-46},""other_showdown_loss"":{""hands"":5,""chips"":-471},""non_losing_hand"":{""hands"":57,""chips"":56},""failed_air_bet_hand"":{""hands"":1,""chips"":-17},""preflop_invest_then_fold"":{""hands"":2,""chips"":-10},""postflop_invest_then_fold"":{""hands"":3,""chips"":-17}}","[{""hand"":45,""chips"":-200,""hole"":[""Kd"",""Js""],""board"":[""5s"",""3c"",""Ks"",""Jh"",""2s""],""loss_category"":""other_showdown_loss""},{""hand"":89,""chips"":-200,""hole"":[""9c"",""Ah""],""board"":[""2s"",""2d"",""Ac"",""4h"",""3d""],""loss_category"":""other_showdown_loss""},{""hand"":65,""chips"":-56,""hole"":[""Td"",""As""],""board"":[""8d"",""Jh"",""3h"",""2s"",""Tc""],""loss_category"":""other_showdown_loss""},{""hand"":36,""chips"":-17,""hole"":[""As"",""Tc""],""board"":[""Qh"",""6s"",""3d"",""7s"",""4c""],""loss_category"":""failed_air_bet_hand""},{""hand"":1,""chips"":-10,""hole"":[""As"",""7s""],""board"":[""6d"",""3s"",""2c"",""Qd"",""Td""],""loss_category"":""other_showdown_loss""}]"
j975e155mcdgk969pf1n0q27g58fjhtw,ladder,100,-403,83,0,0,0,0,1,-88.35302734375,-111.64697265625,-200,[],"{""non_losing_hand"":{""hands"":66,""chips"":96},""blind_only_fold"":{""hands"":29,""chips"":-43},""other_showdown_loss"":{""hands"":1,""chips"":-200},""other_losing_allin"":{""hands"":1,""chips"":-200},""postflop_invest_then_fold"":{""hands"":2,""chips"":-10},""failed_semibluff_hand"":{""hands"":1,""chips"":-46}}","[{""hand"":18,""chips"":-200,""hole"":[""9s"",""9d""],""board"":[""2s"",""9h"",""Js"",""6s"",""3s""],""loss_category"":""other_showdown_loss""},{""hand"":24,""chips"":-200,""hole"":[""Kc"",""Kd""],""board"":[""Th"",""6d"",""Jd"",""5s"",""2s""],""loss_category"":""other_losing_allin""},{""hand"":94,""chips"":-46,""hole"":[""Js"",""Kd""],""board"":[""9c"",""7h"",""Th"",""4d"",""5d""],""loss_category"":""failed_semibluff_hand""},{""hand"":55,""chips"":-5,""hole"":[""Td"",""Jd""],""board"":[""7c"",""5s"",""Kh""],""loss_category"":""postflop_invest_then_fold""},{""hand"":66,""chips"":-5,""hole"":[""6s"",""6h""],""board"":[""2s"",""As"",""Kc""],""loss_category"":""postflop_invest_then_fold""}]"
j970yjhs6ehenmf5nbf2f88m5h8fkg18,ladder,100,-400,91,0,0,0,0,1,-138.89473684210526,-61.10526315789474,-200,[],"{""non_losing_hand"":{""hands"":52,""chips"":150},""preflop_invest_then_fold"":{""hands"":3,""chips"":-15},""blind_only_fold"":{""hands"":32,""chips"":-49},""postflop_invest_then_fold"":{""hands"":10,""chips"":-61},""other_losing_allin"":{""hands"":1,""chips"":-200},""other_showdown_loss"":{""hands"":1,""chips"":-200},""failed_semibluff_hand"":{""hands"":1,""chips"":-25}}","[{""hand"":46,""chips"":-200,""hole"":[""9s"",""9c""],""board"":[""Tc"",""7h"",""6c"",""3c"",""Qh""],""loss_category"":""other_losing_allin""},{""hand"":56,""chips"":-200,""hole"":[""Kh"",""Kd""],""board"":[""2c"",""7c"",""9h"",""4h"",""Th""],""loss_category"":""other_showdown_loss""},{""hand"":98,""chips"":-25,""hole"":[""Kh"",""7h""],""board"":[""Ts"",""3h"",""9s"",""Jh""],""loss_category"":""failed_semibluff_hand""},{""hand"":69,""chips"":-9,""hole"":[""Qc"",""As""],""board"":[""Td"",""3c"",""4s"",""8c""],""loss_category"":""postflop_invest_then_fold""},{""hand"":15,""chips"":-8,""hole"":[""As"",""5s""],""board"":[""2s"",""Ks"",""9d"",""5d""],""loss_category"":""postflop_invest_then_fold""}]"
j9716rfv1xv9vzpq71vnbeaxb98fj0t7,ladder,100,-290,92,0,0,0,0,0,0,0,0,[],"{""non_losing_hand"":{""hands"":70,""chips"":55},""preflop_invest_then_fold"":{""hands"":3,""chips"":-18},""blind_only_fold"":{""hands"":21,""chips"":-34},""postflop_invest_then_fold"":{""hands"":4,""chips"":-83},""other_showdown_loss"":{""hands"":2,""chips"":-210}}","[{""hand"":55,""chips"":-200,""hole"":[""Ad"",""Td""],""board"":[""Th"",""7c"",""3c"",""9d"",""2d""],""loss_category"":""other_showdown_loss""},{""hand"":41,""chips"":-54,""hole"":[""Ts"",""Td""],""board"":[""3h"",""Ad"",""3d"",""6c"",""Qs""],""loss_category"":""postflop_invest_then_fold""},{""hand"":42,""chips"":-12,""hole"":[""6d"",""6h""],""board"":[""9c"",""9s"",""Ts"",""Qh""],""loss_category"":""postflop_invest_then_fold""},{""hand"":49,""chips"":-12,""hole"":[""8c"",""8s""],""board"":[""4d"",""Ts"",""3s"",""Js""],""loss_category"":""postflop_invest_then_fold""},{""hand"":56,""chips"":-10,""hole"":[""Th"",""Ts""],""board"":[""2s"",""Ah"",""Qc"",""Jh"",""3s""],""loss_category"":""other_showdown_loss""}]"
j97d5qnmmgqkrg6qvyj5w4whnn8fksc2,ladder,100,-249,89,0,0,0,0,1,-50.75,-149.25,-200,[],"{""non_losing_hand"":{""hands"":73,""chips"":83},""blind_only_fold"":{""hands"":21,""chips"":-30},""postflop_invest_then_fold"":{""hands"":3,""chips"":-26},""preflop_invest_then_fold"":{""hands"":1,""chips"":-5},""other_losing_allin"":{""hands"":1,""chips"":-200},""other_showdown_loss"":{""hands"":1,""chips"":-71}}","[{""hand"":79,""chips"":-200,""hole"":[""Tc"",""Kc""],""board"":[""8d"",""Td"",""Kd"",""9h"",""8c""],""loss_category"":""other_losing_allin""},{""hand"":82,""chips"":-71,""hole"":[""7h"",""7c""],""board"":[""3d"",""5h"",""3s"",""Ac"",""4d""],""loss_category"":""other_showdown_loss""},{""hand"":70,""chips"":-15,""hole"":[""4d"",""4c""],""board"":[""8c"",""6s"",""3s"",""Ac""],""loss_category"":""postflop_invest_then_fold""},{""hand"":38,""chips"":-6,""hole"":[""9c"",""Kc""],""board"":[""4d"",""Js"",""3d""],""loss_category"":""postflop_invest_then_fold""},{""hand"":23,""chips"":-5,""hole"":[""7d"",""7h""],""board"":[""Qs"",""Tc"",""8s""],""loss_category"":""postflop_invest_then_fold""}]"
j970wj4mmdcjd2h2w92wxqghys8fkes9,ladder,100,-235,79,0,0,0,0,0,0,0,0,[],"{""postflop_invest_then_fold"":{""hands"":3,""chips"":-59},""non_losing_hand"":{""hands"":58,""chips"":59},""other_showdown_loss"":{""hands"":3,""chips"":-137},""blind_only_fold"":{""hands"":34,""chips"":-48},""preflop_invest_then_fold"":{""hands"":1,""chips"":-5},""failed_air_bet_hand"":{""hands"":1,""chips"":-45}}","[{""hand"":29,""chips"":-70,""hole"":[""Td"",""Qh""],""board"":[""Jd"",""8c"",""Th"",""2s"",""6s""],""loss_category"":""other_showdown_loss""},{""hand"":73,""chips"":-49,""hole"":[""Td"",""Ah""],""board"":[""7s"",""Kh"",""Ks"",""3s""],""loss_category"":""postflop_invest_then_fold""},{""hand"":84,""chips"":-45,""hole"":[""2s"",""As""],""board"":[""Jd"",""Qs"",""3c"",""3s"",""4h""],""loss_category"":""failed_air_bet_hand""},{""hand"":81,""chips"":-44,""hole"":[""4s"",""As""],""board"":[""2d"",""4d"",""3h"",""3c"",""9c""],""loss_category"":""other_showdown_loss""},{""hand"":3,""chips"":-23,""hole"":[""2c"",""2s""],""board"":[""8c"",""Qc"",""3s"",""6h"",""8s""],""loss_category"":""other_showdown_loss""}]"
j97cvyj4r4cq24g1zhxv9v7rvn8fjzjj,ladder,100,-220,91,0,0,0,0,0,0,0,0,[],"{""non_losing_hand"":{""hands"":66,""chips"":37},""failed_air_bet_hand"":{""hands"":1,""chips"":-15},""blind_only_fold"":{""hands"":24,""chips"":-35},""failed_semibluff_hand"":{""hands"":2,""chips"":-118},""postflop_invest_then_fold"":{""hands"":6,""chips"":-81},""preflop_invest_then_fold"":{""hands"":1,""chips"":-8}}","[{""hand"":65,""chips"":-93,""hole"":[""Js"",""Qc""],""board"":[""7c"",""Ks"",""Ts"",""Jd"",""8d""],""loss_category"":""failed_semibluff_hand""},{""hand"":32,""chips"":-25,""hole"":[""Kh"",""Qd""],""board"":[""Ac"",""Tc"",""2c"",""9s"",""9h""],""loss_category"":""failed_semibluff_hand""},{""hand"":96,""chips"":-19,""hole"":[""Ac"",""Ts""],""board"":[""3d"",""9h"",""9s"",""2d""],""loss_category"":""postflop_invest_then_fold""},{""hand"":88,""chips"":-17,""hole"":[""Qd"",""Ad""],""board"":[""5h"",""9c"",""8d""],""loss_category"":""postflop_invest_then_fold""},{""hand"":78,""chips"":-16,""hole"":[""9c"",""9s""],""board"":[""Js"",""8c"",""Qs"",""3h""],""loss_category"":""postflop_invest_then_fold""}]"
j9728kgdgejfzhwr8pxbvz52bs8fks9q,ladder,100,-181,92,0,0,0,0,0,0,0,0,[],"{""non_losing_hand"":{""hands"":56,""chips"":50},""blind_only_fold"":{""hands"":33,""chips"":-48},""postflop_invest_then_fold"":{""hands"":7,""chips"":-100},""preflop_invest_then_fold"":{""hands"":2,""chips"":-10},""failed_air_bet_hand"":{""hands"":2,""chips"":-73}}","[{""hand"":50,""chips"":-55,""hole"":[""Ac"",""7h""],""board"":[""4s"",""7c"",""3s"",""Jd"",""3d""],""loss_category"":""postflop_invest_then_fold""},{""hand"":92,""chips"":-55,""hole"":[""Kh"",""Jd""],""board"":[""6s"",""Ah"",""3h"",""5h"",""Qs""],""loss_category"":""failed_air_bet_hand""},{""hand"":84,""chips"":-18,""hole"":[""Th"",""Kd""],""board"":[""2c"",""5s"",""7d"",""Qh""],""loss_category"":""failed_air_bet_hand""},{""hand"":48,""chips"":-13,""hole"":[""8h"",""8c""],""board"":[""4h"",""2d"",""Kh"",""9s""],""loss_category"":""postflop_invest_then_fold""},{""hand"":88,""chips"":-10,""hole"":[""Qs"",""Qc""],""board"":[""2h"",""Ac"",""4s"",""Kd"",""9s""],""loss_category"":""postflop_invest_then_fold""}]"
j97b8arnqw91p1acdkp5eapg898fjh9y,ladder,100,-168,63,0,0,0,0,0,0,0,0,[],"{""non_losing_hand"":{""hands"":66,""chips"":224},""blind_only_fold"":{""hands"":26,""chips"":-38},""postflop_invest_then_fold"":{""hands"":3,""chips"":-15},""other_showdown_loss"":{""hands"":4,""chips"":-294},""failed_air_bet_hand"":{""hands"":1,""chips"":-45}}","[{""hand"":72,""chips"":-169,""hole"":[""Td"",""Th""],""board"":[""2s"",""2h"",""6s"",""Jc"",""8s""],""loss_category"":""other_showdown_loss""},{""hand"":59,""chips"":-98,""hole"":[""Qd"",""Jd""],""board"":[""Jh"",""9s"",""4d"",""Kd"",""5h""],""loss_category"":""other_showdown_loss""},{""hand"":86,""chips"":-45,""hole"":[""Jd"",""Ah""],""board"":[""4h"",""2h"",""Ks"",""4c"",""3d""],""loss_category"":""failed_air_bet_hand""},{""hand"":83,""chips"":-14,""hole"":[""2s"",""2c""],""board"":[""5s"",""Jd"",""8c"",""8h"",""Qh""],""loss_category"":""other_showdown_loss""},{""hand"":43,""chips"":-13,""hole"":[""4h"",""4d""],""board"":[""Ah"",""Jh"",""7c"",""9h"",""5d""],""loss_category"":""other_showdown_loss""}]"
j974jyjwy0v0t5z1ykcdk3ptsx8fjkrr,ladder,100,-135,90,0,0,0,0,0,0,0,0,[],"{""non_losing_hand"":{""hands"":74,""chips"":141},""blind_only_fold"":{""hands"":18,""chips"":-25},""other_showdown_loss"":{""hands"":1,""chips"":-200},""postflop_invest_then_fold"":{""hands"":6,""chips"":-46},""preflop_invest_then_fold"":{""hands"":1,""chips"":-5}}","[{""hand"":3,""chips"":-200,""hole"":[""As"",""Qs""],""board"":[""6h"",""6d"",""8h"",""2d"",""4c""],""loss_category"":""other_showdown_loss""},{""hand"":44,""chips"":-17,""hole"":[""Th"",""Tc""],""board"":[""7h"",""Kh"",""Jc"",""4h""],""loss_category"":""postflop_invest_then_fold""},{""hand"":23,""chips"":-6,""hole"":[""Kc"",""Jc""],""board"":[""5h"",""5d"",""7c"",""As"",""4h""],""loss_category"":""postflop_invest_then_fold""},{""hand"":38,""chips"":-6,""hole"":[""5h"",""Kh""],""board"":[""As"",""8d"",""Tc""],""loss_category"":""postflop_invest_then_fold""},{""hand"":59,""chips"":-6,""hole"":[""5d"",""7d""],""board"":[""5c"",""Js"",""3d""],""loss_category"":""postflop_invest_then_fold""}]"
j9747a4qrbcxfvx130np1j8kn58fknfr,ladder,100,-120,74,0,0,0,0,0,0,0,0,[],"{""blind_only_fold"":{""hands"":29,""chips"":-44},""non_losing_hand"":{""hands"":67,""chips"":195},""failed_semibluff_hand"":{""hands"":1,""chips"":-44},""other_showdown_loss"":{""hands"":3,""chips"":-227}}","[{""hand"":77,""chips"":-161,""hole"":[""Tc"",""As""],""board"":[""4d"",""3d"",""Ac"",""6h"",""2s""],""loss_category"":""other_showdown_loss""},{""hand"":21,""chips"":-50,""hole"":[""8d"",""Ad""],""board"":[""4c"",""8s"",""7h"",""Jd"",""Kh""],""loss_category"":""other_showdown_loss""},{""hand"":17,""chips"":-44,""hole"":[""Tc"",""Jc""],""board"":[""Qd"",""Ad"",""5c"",""Ts"",""7c""],""loss_category"":""failed_semibluff_hand""},{""hand"":94,""chips"":-16,""hole"":[""8d"",""Ah""],""board"":[""3c"",""9h"",""Jh"",""4s"",""Js""],""loss_category"":""other_showdown_loss""},{""hand"":1,""chips"":-2,""hole"":[""Jd"",""7d""],""board"":[],""loss_category"":""blind_only_fold""}]"
j975pf4d54y5qd4fdwx3776rhh8fjb12,ladder,100,-116,86,0,0,0,0,0,0,0,0,[],"{""non_losing_hand"":{""hands"":60,""chips"":107},""blind_only_fold"":{""hands"":32,""chips"":-46},""postflop_invest_then_fold"":{""hands"":5,""chips"":-111},""preflop_invest_then_fold"":{""hands"":1,""chips"":-5},""failed_semibluff_hand"":{""hands"":2,""chips"":-61}}","[{""hand"":85,""chips"":-62,""hole"":[""5s"",""5h""],""board"":[""Qd"",""8d"",""6s"",""Js""],""loss_category"":""postflop_invest_then_fold""},{""hand"":63,""chips"":-46,""hole"":[""Qc"",""Ad""],""board"":[""5c"",""Jc"",""2h"",""3d"",""2c""],""loss_category"":""failed_semibluff_hand""},{""hand"":26,""chips"":-19,""hole"":[""5d"",""5h""],""board"":[""As"",""6c"",""6s"",""7d""],""loss_category"":""postflop_invest_then_fold""},{""hand"":30,""chips"":-18,""hole"":[""Ah"",""Kd""],""board"":[""6h"",""2c"",""7s""],""loss_category"":""postflop_invest_then_fold""},{""hand"":72,""chips"":-15,""hole"":[""Kc"",""2h""],""board"":[""3s"",""4s"",""6s"",""Jc""],""loss_category"":""failed_semibluff_hand""}]"
j97aeaqnp26ah110sh5a4vpvdx8fksv8,ladder,100,-100,68,0,0,0,0,0,0,0,0,[],"{""non_losing_hand"":{""hands"":69,""chips"":164},""blind_only_fold"":{""hands"":25,""chips"":-32},""other_showdown_loss"":{""hands"":3,""chips"":-186},""postflop_invest_then_fold"":{""hands"":2,""chips"":-41},""preflop_invest_then_fold"":{""hands"":1,""chips"":-5}}","[{""hand"":48,""chips"":-139,""hole"":[""Td"",""Qh""],""board"":[""6d"",""Qs"",""6s"",""7h"",""5c""],""loss_category"":""other_showdown_loss""},{""hand"":71,""chips"":-35,""hole"":[""9s"",""As""],""board"":[""Jd"",""4s"",""3c"",""4h"",""7d""],""loss_category"":""postflop_invest_then_fold""},{""hand"":16,""chips"":-24,""hole"":[""6s"",""6h""],""board"":[""9d"",""Qd"",""4h"",""Qs"",""4c""],""loss_category"":""other_showdown_loss""},{""hand"":63,""chips"":-23,""hole"":[""9c"",""9d""],""board"":[""Td"",""As"",""7d"",""4s"",""9h""],""loss_category"":""other_showdown_loss""},{""hand"":96,""chips"":-6,""hole"":[""9s"",""Ah""],""board"":[""Ts"",""4c"",""6s"",""3h"",""5h""],""loss_category"":""postflop_invest_then_fold""}]"
j97f8bdekjfjwkt8zmh4949dwh8fkz8d,ladder,100,-88,77,0,0,0,0,0,0,0,0,[],"{""non_losing_hand"":{""hands"":61,""chips"":74},""blind_only_fold"":{""hands"":30,""chips"":-45},""preflop_invest_then_fold"":{""hands"":3,""chips"":-16},""failed_semibluff_hand"":{""hands"":2,""chips"":-33},""postflop_invest_then_fold"":{""hands"":3,""chips"":-23},""failed_air_bet_hand"":{""hands"":1,""chips"":-45}}","[{""hand"":97,""chips"":-45,""hole"":[""As"",""Th""],""board"":[""4c"",""9h"",""3s"",""Jd"",""2c""],""loss_category"":""failed_air_bet_hand""},{""hand"":89,""chips"":-20,""hole"":[""Ad"",""5d""],""board"":[""Ts"",""4h"",""7d"",""Kd"",""Tc""],""loss_category"":""failed_semibluff_hand""},{""hand"":18,""chips"":-13,""hole"":[""Jc"",""8c""],""board"":[""3h"",""2s"",""9d"",""Ts"",""4s""],""loss_category"":""failed_semibluff_hand""},{""hand"":59,""chips"":-12,""hole"":[""Js"",""Ah""],""board"":[""Qd"",""4s"",""2c"",""Ts""],""loss_category"":""postflop_invest_then_fold""},{""hand"":24,""chips"":-6,""hole"":[""6s"",""6c""],""board"":[""4s"",""Qd"",""Ah""],""loss_category"":""postflop_invest_then_fold""}]"
j9785rjwgh6eabvh62s3a05nds8fjy0n,ladder,100,-52,69,0,0,0,0,0,0,0,0,[],"{""blind_only_fold"":{""hands"":33,""chips"":-48},""non_losing_hand"":{""hands"":61,""chips"":139},""preflop_invest_then_fold"":{""hands"":2,""chips"":-10},""other_showdown_loss"":{""hands"":2,""chips"":-73},""postflop_invest_then_fold"":{""hands"":2,""chips"":-60}}","[{""hand"":90,""chips"":-49,""hole"":[""7h"",""7d""],""board"":[""9c"",""Qc"",""6d"",""9h"",""Kh""],""loss_category"":""postflop_invest_then_fold""},{""hand"":41,""chips"":-46,""hole"":[""As"",""8c""],""board"":[""Ad"",""Js"",""3s"",""Jh"",""4s""],""loss_category"":""other_showdown_loss""},{""hand"":87,""chips"":-27,""hole"":[""6s"",""6c""],""board"":[""Qd"",""8s"",""8c"",""8d"",""5d""],""loss_category"":""other_showdown_loss""},{""hand"":61,""chips"":-11,""hole"":[""5d"",""5c""],""board"":[""3h"",""6s"",""Kc"",""2d""],""loss_category"":""postflop_invest_then_fold""},{""hand"":18,""chips"":-5,""hole"":[""9d"",""Jd""],""board"":[],""loss_category"":""preflop_invest_then_fold""}]"
j97fdsa53cjvz3mnwxqct4efsh8fjedj,ladder,100,-51,84,0,0,0,0,0,0,0,0,[],"{""non_losing_hand"":{""hands"":70,""chips"":127},""blind_only_fold"":{""hands"":21,""chips"":-29},""failed_semibluff_hand"":{""hands"":1,""chips"":-7},""postflop_invest_then_fold"":{""hands"":6,""chips"":-40},""preflop_invest_then_fold"":{""hands"":1,""chips"":-5},""failed_air_bet_hand"":{""hands"":1,""chips"":-97}}","[{""hand"":54,""chips"":-97,""hole"":[""As"",""Kh""],""board"":[""5c"",""Ts"",""3s"",""Td"",""3d""],""loss_category"":""failed_air_bet_hand""},{""hand"":57,""chips"":-12,""hole"":[""5c"",""5d""],""board"":[""7h"",""2c"",""3h"",""Qh"",""Ah""],""loss_category"":""postflop_invest_then_fold""},{""hand"":10,""chips"":-7,""hole"":[""3c"",""Ah""],""board"":[""4c"",""2s"",""6s"",""Td""],""loss_category"":""failed_semibluff_hand""},{""hand"":22,""chips"":-6,""hole"":[""8h"",""8d""],""board"":[""Qc"",""7c"",""6c"",""8c"",""5c""],""loss_category"":""postflop_invest_then_fold""},{""hand"":28,""chips"":-6,""hole"":[""3d"",""Ad""],""board"":[""Ts"",""6s"",""Qh"",""8s"",""2s""],""loss_category"":""postflop_invest_then_fold""}]"
j97ac0wxak2ejtsn28xbehmm458fj3hh,ladder,100,-47,93,0,0,0,0,0,0,0,0,[],"{""other_showdown_loss"":{""hands"":1,""chips"":-15},""blind_only_fold"":{""hands"":27,""chips"":-41},""preflop_invest_then_fold"":{""hands"":2,""chips"":-10},""non_losing_hand"":{""hands"":67,""chips"":51},""postflop_invest_then_fold"":{""hands"":3,""chips"":-32}}","[{""hand"":36,""chips"":-18,""hole"":[""Kd"",""As""],""board"":[""7h"",""2s"",""Jh""],""loss_category"":""postflop_invest_then_fold""},{""hand"":0,""chips"":-15,""hole"":[""6s"",""Kh""],""board"":[""5c"",""Jc"",""Ks"",""Ah"",""Td""],""loss_category"":""other_showdown_loss""},{""hand"":7,""chips"":-7,""hole"":[""Qd"",""8d""],""board"":[""7h"",""5h"",""Td""],""loss_category"":""postflop_invest_then_fold""},{""hand"":89,""chips"":-7,""hole"":[""7h"",""7d""],""board"":[""Qc"",""Qh"",""As""],""loss_category"":""postflop_invest_then_fold""},{""hand"":2,""chips"":-5,""hole"":[""5s"",""As""],""board"":[],""loss_category"":""preflop_invest_then_fold""}]"
j97e9zrasmz11egv0ktf8g3xfx8fjbhn,ladder,100,-39,71,0,0,0,0,0,0,0,0,[],"{""non_losing_hand"":{""hands"":59,""chips"":347},""blind_only_fold"":{""hands"":34,""chips"":-49},""preflop_invest_then_fold"":{""hands"":2,""chips"":-10},""other_showdown_loss"":{""hands"":1,""chips"":-174},""postflop_invest_then_fold"":{""hands"":3,""chips"":-95},""failed_semibluff_hand"":{""hands"":1,""chips"":-58}}","[{""hand"":24,""chips"":-174,""hole"":[""8h"",""Ah""],""board"":[""Kh"",""Jd"",""Jh"",""2h"",""Jc""],""loss_category"":""other_showdown_loss""},{""hand"":83,""chips"":-58,""hole"":[""As"",""9d""],""board"":[""5h"",""4h"",""3s"",""Js""],""loss_category"":""failed_semibluff_hand""},{""hand"":70,""chips"":-52,""hole"":[""Jd"",""Jc""],""board"":[""5c"",""6c"",""As"",""2s"",""4h""],""loss_category"":""postflop_invest_then_fold""},{""hand"":66,""chips"":-38,""hole"":[""Jh"",""Qh""],""board"":[""6s"",""Td"",""Js"",""3s"",""Ah""],""loss_category"":""postflop_invest_then_fold""},{""hand"":21,""chips"":-5,""hole"":[""6s"",""Ks""],""board"":[],""loss_category"":""preflop_invest_then_fold""}]"
j975f9x85654fdcpntys7h2d3d8fjfpc,ladder,100,-28,87,0,0,0,0,2,-42.74924924924926,45.74924924924926,3,[],"{""non_losing_hand"":{""hands"":65,""chips"":321},""blind_only_fold"":{""hands"":27,""chips"":-39},""postflop_invest_then_fold"":{""hands"":4,""chips"":-32},""other_showdown_loss"":{""hands"":1,""chips"":-65},""preflop_invest_then_fold"":{""hands"":2,""chips"":-13},""other_losing_allin"":{""hands"":1,""chips"":-200}}","[{""hand"":82,""chips"":-200,""hole"":[""3c"",""3h""],""board"":[""3s"",""5h"",""Th"",""2h"",""4c""],""loss_category"":""other_losing_allin""},{""hand"":38,""chips"":-65,""hole"":[""4c"",""Kc""],""board"":[""Ks"",""8h"",""2h"",""9d"",""3c""],""loss_category"":""other_showdown_loss""},{""hand"":98,""chips"":-13,""hole"":[""Td"",""9d""],""board"":[""8s"",""Qd"",""3h"",""9s"",""4s""],""loss_category"":""postflop_invest_then_fold""},{""hand"":4,""chips"":-8,""hole"":[""6h"",""6s""],""board"":[""5c"",""Ah"",""Kd""],""loss_category"":""postflop_invest_then_fold""},{""hand"":50,""chips"":-8,""hole"":[""Qs"",""Ad""],""board"":[],""loss_category"":""preflop_invest_then_fold""}]"
j978a3ay48t19qsx9sje4ek9hh8fjrg5,ladder,100,-14,80,0,0,0,0,1,-22.333333333333343,-177.66666666666666,-200,[],"{""non_losing_hand"":{""hands"":67,""chips"":376},""failed_air_bet_hand"":{""hands"":1,""chips"":-107},""blind_only_fold"":{""hands"":23,""chips"":-37},""preflop_invest_then_fold"":{""hands"":3,""chips"":-19},""other_losing_allin"":{""hands"":1,""chips"":-200},""postflop_invest_then_fold"":{""hands"":5,""chips"":-27}}","[{""hand"":25,""chips"":-200,""hole"":[""Qs"",""Qd""],""board"":[""9d"",""8s"",""7h"",""7s"",""6c""],""loss_category"":""other_losing_allin""},{""hand"":1,""chips"":-107,""hole"":[""Ad"",""4c""],""board"":[""Th"",""7d"",""3c"",""4d"",""2s""],""loss_category"":""failed_air_bet_hand""},{""hand"":13,""chips"":-7,""hole"":[""8d"",""Kd""],""board"":[],""loss_category"":""preflop_invest_then_fold""},{""hand"":42,""chips"":-7,""hole"":[""3c"",""3d""],""board"":[],""loss_category"":""preflop_invest_then_fold""},{""hand"":31,""chips"":-6,""hole"":[""4s"",""4h""],""board"":[""Tc"",""5c"",""Jd""],""loss_category"":""postflop_invest_then_fold""}]"
j9792z8p6hak0bjrndsfbwpt4s8fk47y,ladder,100,-13,87,0,0,0,0,0,0,0,0,[],"{""non_losing_hand"":{""hands"":70,""chips"":135},""blind_only_fold"":{""hands"":20,""chips"":-32},""postflop_invest_then_fold"":{""hands"":9,""chips"":-111},""preflop_invest_then_fold"":{""hands"":1,""chips"":-5}}","[{""hand"":53,""chips"":-45,""hole"":[""8s"",""Jc""],""board"":[""7d"",""Ks"",""Jh"",""3h"",""6h""],""loss_category"":""postflop_invest_then_fold""},{""hand"":49,""chips"":-15,""hole"":[""As"",""Kh""],""board"":[""6d"",""6h"",""7s""],""loss_category"":""postflop_invest_then_fold""},{""hand"":15,""chips"":-11,""hole"":[""Ts"",""Qs""],""board"":[""As"",""5h"",""Kc"",""Qc""],""loss_category"":""postflop_invest_then_fold""},{""hand"":88,""chips"":-9,""hole"":[""Th"",""Td""],""board"":[""Js"",""Ks"",""2d""],""loss_category"":""postflop_invest_then_fold""},{""hand"":27,""chips"":-8,""hole"":[""Tc"",""Jc""],""board"":[""8c"",""7s"",""4s"",""8d""],""loss_category"":""postflop_invest_then_fold""}]"
j972y98ssa5y9pn5xpr1dqp3398fkf6k,ladder,100,-2,81,0,0,0,0,2,-11.764705882352928,19.764705882352928,8,[],"{""blind_only_fold"":{""hands"":18,""chips"":-29},""non_losing_hand"":{""hands"":76,""chips"":314},""postflop_invest_then_fold"":{""hands"":4,""chips"":-82},""other_showdown_loss"":{""hands"":1,""chips"":-5},""other_losing_allin"":{""hands"":1,""chips"":-200}}","[{""hand"":54,""chips"":-200,""hole"":[""Qh"",""Qs""],""board"":[""5s"",""4s"",""2s"",""Tc"",""5h""],""loss_category"":""other_losing_allin""},{""hand"":20,""chips"":-37,""hole"":[""6c"",""6h""],""board"":[""5h"",""Tc"",""9h"",""5d"",""4h""],""loss_category"":""postflop_invest_then_fold""},{""hand"":75,""chips"":-34,""hole"":[""Ac"",""Jc""],""board"":[""Kh"",""Qc"",""7s"",""4c"",""3d""],""loss_category"":""postflop_invest_then_fold""},{""hand"":87,""chips"":-6,""hole"":[""Jh"",""Kh""],""board"":[""6d"",""3c"",""Ac"",""2s"",""9s""],""loss_category"":""postflop_invest_then_fold""},{""hand"":49,""chips"":-5,""hole"":[""Tc"",""Jh""],""board"":[""3c"",""Kd"",""7c"",""5h"",""Kc""],""loss_category"":""other_showdown_loss""}]"
j97388by62b9qj15b9x19mfdyn8fksd2,ladder,100,4,82,0,0,0,0,0,0,0,0,[],"{""non_losing_hand"":{""hands"":72,""chips"":143},""postflop_invest_then_fold"":{""hands"":5,""chips"":-104},""blind_only_fold"":{""hands"":23,""chips"":-35}}","[{""hand"":9,""chips"":-66,""hole"":[""Jd"",""Js""],""board"":[""2c"",""Kd"",""2d"",""As""],""loss_category"":""postflop_invest_then_fold""},{""hand"":8,""chips"":-15,""hole"":[""Tc"",""Kh""],""board"":[""4d"",""3h"",""7h"",""3s""],""loss_category"":""postflop_invest_then_fold""},{""hand"":64,""chips"":-11,""hole"":[""2h"",""2c""],""board"":[""4c"",""Tc"",""Kc"",""Ah""],""loss_category"":""postflop_invest_then_fold""},{""hand"":80,""chips"":-7,""hole"":[""Jh"",""Th""],""board"":[""7d"",""2h"",""5c""],""loss_category"":""postflop_invest_then_fold""},{""hand"":2,""chips"":-5,""hole"":[""7d"",""Ac""],""board"":[""8d"",""Ks"",""2c"",""Qc"",""3h""],""loss_category"":""postflop_invest_then_fold""}]"
j9734rk4vqdjnnw8qmpnn3px8s8fjns5,ladder,100,5,78,0,0,0,0,0,0,0,0,[],"{""non_losing_hand"":{""hands"":68,""chips"":305},""blind_only_fold"":{""hands"":25,""chips"":-38},""postflop_invest_then_fold"":{""hands"":3,""chips"":-36},""failed_semibluff_hand"":{""hands"":2,""chips"":-216},""preflop_invest_then_fold"":{""hands"":2,""chips"":-10}}","[{""hand"":23,""chips"":-200,""hole"":[""Ad"",""Kh""],""board"":[""3c"",""2d"",""4h"",""2s"",""Jc""],""loss_category"":""failed_semibluff_hand""},{""hand"":13,""chips"":-18,""hole"":[""5d"",""5s""],""board"":[""8c"",""Qs"",""4c"",""Ks"",""7d""],""loss_category"":""postflop_invest_then_fold""},{""hand"":74,""chips"":-16,""hole"":[""Ts"",""Jd""],""board"":[""9h"",""6s"",""Kc"",""2d"",""Kh""],""loss_category"":""failed_semibluff_hand""},{""hand"":7,""chips"":-12,""hole"":[""Kc"",""Qh""],""board"":[""7c"",""8c"",""2d"",""2s""],""loss_category"":""postflop_invest_then_fold""},{""hand"":19,""chips"":-6,""hole"":[""Jc"",""Qd""],""board"":[""8d"",""5h"",""Ac""],""loss_category"":""postflop_invest_then_fold""}]"
j975vc79vckpdbkj8ckye4g8k18fkaq1,ladder,100,28,70,0,0,0,0,0,0,0,0,[],"{""non_losing_hand"":{""hands"":63,""chips"":111},""blind_only_fold"":{""hands"":32,""chips"":-49},""other_showdown_loss"":{""hands"":3,""chips"":-25},""preflop_invest_then_fold"":{""hands"":1,""chips"":-5},""postflop_invest_then_fold"":{""hands"":1,""chips"":-4}}","[{""hand"":25,""chips"":-15,""hole"":[""Kh"",""Qd""],""board"":[""9h"",""8c"",""Qh"",""Ts"",""7d""],""loss_category"":""other_showdown_loss""},{""hand"":65,""chips"":-6,""hole"":[""9d"",""9c""],""board"":[""7c"",""6d"",""2s"",""Ad"",""Jd""],""loss_category"":""other_showdown_loss""},{""hand"":58,""chips"":-5,""hole"":[""Qs"",""5s""],""board"":[],""loss_category"":""preflop_invest_then_fold""},{""hand"":42,""chips"":-4,""hole"":[""7c"",""7h""],""board"":[""2d"",""3c"",""8h"",""6c"",""Ks""],""loss_category"":""other_showdown_loss""},{""hand"":86,""chips"":-4,""hole"":[""Qs"",""Js""],""board"":[""Th"",""5c"",""2h""],""loss_category"":""postflop_invest_then_fold""}]"
j97asm3sachknn1x52ka0pgnbh8fj60k,ladder,100,65,85,1,1,0,-271,0,0,0,0,"[""j97asm3sachknn1x52ka0pgnbh8fj60k:61:14""]","{""non_losing_hand"":{""hands"":60,""chips"":261},""blind_only_fold"":{""hands"":29,""chips"":-43},""postflop_invest_then_fold"":{""hands"":7,""chips"":-130},""preflop_invest_then_fold"":{""hands"":3,""chips"":-16},""failed_air_bet_hand"":{""hands"":1,""chips"":-7}}","[{""hand"":58,""chips"":-57,""hole"":[""Ks"",""Kc""],""board"":[""Th"",""Qh"",""6d"",""8h"",""9s""],""loss_category"":""postflop_invest_then_fold""},{""hand"":5,""chips"":-22,""hole"":[""Jd"",""As""],""board"":[""2d"",""8c"",""9d"",""2c""],""loss_category"":""postflop_invest_then_fold""},{""hand"":55,""chips"":-22,""hole"":[""9d"",""9s""],""board"":[""Kd"",""Th"",""3s"",""6c""],""loss_category"":""postflop_invest_then_fold""},{""hand"":37,""chips"":-9,""hole"":[""Qh"",""Th""],""board"":[""Jh"",""8c"",""4c""],""loss_category"":""postflop_invest_then_fold""},{""hand"":26,""chips"":-8,""hole"":[""2d"",""2s""],""board"":[""Td"",""Ac"",""6s""],""loss_category"":""postflop_invest_then_fold""}]"
j970mzerkyh9a62nznh2845gbn8fjtv2,ladder,100,85,82,0,0,0,0,0,0,0,0,[],"{""blind_only_fold"":{""hands"":27,""chips"":-40},""non_losing_hand"":{""hands"":65,""chips"":209},""postflop_invest_then_fold"":{""hands"":6,""chips"":-74},""preflop_invest_then_fold"":{""hands"":2,""chips"":-10}}","[{""hand"":90,""chips"":-46,""hole"":[""As"",""8c""],""board"":[""Ah"",""5h"",""9s"",""7h"",""Qh""],""loss_category"":""postflop_invest_then_fold""},{""hand"":15,""chips"":-6,""hole"":[""5d"",""6d""],""board"":[""Qc"",""3d"",""Qh"",""Tc"",""2h""],""loss_category"":""postflop_invest_then_fold""},{""hand"":25,""chips"":-6,""hole"":[""3s"",""3d""],""board"":[""Kc"",""4h"",""6h""],""loss_category"":""postflop_invest_then_fold""},{""hand"":75,""chips"":-6,""hole"":[""Kc"",""Js""],""board"":[""6h"",""4h"",""Ac""],""loss_category"":""postflop_invest_then_fold""},{""hand"":28,""chips"":-5,""hole"":[""8c"",""Tc""],""board"":[],""loss_category"":""preflop_invest_then_fold""}]"
j9723qz2kn3rsfpbbkrmh9rw998fk9h0,ladder,100,89,78,0,0,0,0,0,0,0,0,[],"{""non_losing_hand"":{""hands"":67,""chips"":372},""blind_only_fold"":{""hands"":26,""chips"":-37},""postflop_invest_then_fold"":{""hands"":3,""chips"":-18},""preflop_invest_then_fold"":{""hands"":3,""chips"":-28},""other_showdown_loss"":{""hands"":1,""chips"":-200}}","[{""hand"":53,""chips"":-200,""hole"":[""Qd"",""Kc""],""board"":[""Ac"",""Ks"",""7c"",""4d"",""Qs""],""loss_category"":""other_showdown_loss""},{""hand"":62,""chips"":-18,""hole"":[""As"",""Qd""],""board"":[],""loss_category"":""preflop_invest_then_fold""},{""hand"":4,""chips"":-6,""hole"":[""Jh"",""8h""],""board"":[""3c"",""3h"",""6c""],""loss_category"":""postflop_invest_then_fold""},{""hand"":72,""chips"":-6,""hole"":[""4s"",""4c""],""board"":[""Qs"",""Jd"",""9s""],""loss_category"":""postflop_invest_then_fold""},{""hand"":97,""chips"":-6,""hole"":[""7s"",""7h""],""board"":[""4h"",""Ad"",""6d""],""loss_category"":""postflop_invest_then_fold""}]"
j979vrq746cjcbwjeqk0antg258fjj34,ladder,100,98,83,2,0,2,0,0,0,0,0,"[""j979vrq746cjcbwjeqk0antg258fjj34:47:9"",""j979vrq746cjcbwjeqk0antg258fjj34:51:8""]","{""non_losing_hand"":{""hands"":69,""chips"":241},""blind_only_fold"":{""hands"":21,""chips"":-29},""postflop_invest_then_fold"":{""hands"":6,""chips"":-56},""probable_missed_terminal_call"":{""hands"":2,""chips"":-48},""preflop_invest_then_fold"":{""hands"":2,""chips"":-10}}","[{""hand"":47,""chips"":-30,""hole"":[""Jh"",""Js""],""board"":[],""loss_category"":""probable_missed_terminal_call""},{""hand"":21,""chips"":-26,""hole"":[""9d"",""9s""],""board"":[""5h"",""Ad"",""2d"",""3h""],""loss_category"":""postflop_invest_then_fold""},{""hand"":51,""chips"":-18,""hole"":[""Jd"",""Js""],""board"":[],""loss_category"":""probable_missed_terminal_call""},{""hand"":77,""chips"":-8,""hole"":[""Kd"",""Qs""],""board"":[""4h"",""5h"",""7h""],""loss_category"":""postflop_invest_then_fold""},{""hand"":23,""chips"":-6,""hole"":[""Jd"",""Qc""],""board"":[""5c"",""2d"",""9c""],""loss_category"":""postflop_invest_then_fold""}]"
j978nx4pq32cfvabzfwp3c7nxx8fk893,ladder,100,106,84,0,0,0,0,1,66.66666666666669,133.33333333333331,200,[],"{""blind_only_fold"":{""hands"":22,""chips"":-32},""non_losing_hand"":{""hands"":68,""chips"":280},""postflop_invest_then_fold"":{""hands"":3,""chips"":-26},""failed_air_bet_hand"":{""hands"":2,""chips"":-33},""failed_semibluff_hand"":{""hands"":1,""chips"":-26},""preflop_invest_then_fold"":{""hands"":2,""chips"":-25},""other_showdown_loss"":{""hands"":2,""chips"":-32}}","[{""hand"":48,""chips"":-26,""hole"":[""As"",""Jc""],""board"":[""Kc"",""Ts"",""2h"",""7c"",""Kh""],""loss_category"":""failed_semibluff_hand""},{""hand"":49,""chips"":-20,""hole"":[""Qs"",""Ad""],""board"":[],""loss_category"":""preflop_invest_then_fold""},{""hand"":73,""chips"":-19,""hole"":[""As"",""8h""],""board"":[""8d"",""4h"",""Kd"",""Kc"",""Qs""],""loss_category"":""other_showdown_loss""},{""hand"":98,""chips"":-18,""hole"":[""As"",""4s""],""board"":[""9d"",""Qd"",""5h"",""8h"",""3h""],""loss_category"":""failed_air_bet_hand""},{""hand"":12,""chips"":-15,""hole"":[""Qc"",""9c""],""board"":[""3d"",""4s"",""7h"",""8h""],""loss_category"":""failed_air_bet_hand""}]"
j9793xh6j7b157chh7zjtvgxe18fjb9r,ladder,100,112,73,0,0,0,0,0,0,0,0,[],"{""non_losing_hand"":{""hands"":59,""chips"":209},""blind_only_fold"":{""hands"":33,""chips"":-46},""preflop_invest_then_fold"":{""hands"":5,""chips"":-25},""postflop_invest_then_fold"":{""hands"":2,""chips"":-11},""failed_air_bet_hand"":{""hands"":1,""chips"":-15}}","[{""hand"":77,""chips"":-15,""hole"":[""Kd"",""Qc""],""board"":[""5s"",""2d"",""7h"",""4h""],""loss_category"":""failed_air_bet_hand""},{""hand"":61,""chips"":-6,""hole"":[""4h"",""4d""],""board"":[""Qd"",""Ah"",""Th""],""loss_category"":""postflop_invest_then_fold""},{""hand"":16,""chips"":-5,""hole"":[""5h"",""Kh""],""board"":[],""loss_category"":""preflop_invest_then_fold""},{""hand"":20,""chips"":-5,""hole"":[""2c"",""Ad""],""board"":[],""loss_category"":""preflop_invest_then_fold""},{""hand"":31,""chips"":-5,""hole"":[""4d"",""Ad""],""board"":[],""loss_category"":""preflop_invest_then_fold""}]"
j9733m91wmsfhm5wmx9rw1fbc58fkg1y,ladder,100,127,87,0,0,0,0,0,0,0,0,[],"{""blind_only_fold"":{""hands"":29,""chips"":-43},""non_losing_hand"":{""hands"":64,""chips"":232},""preflop_invest_then_fold"":{""hands"":2,""chips"":-10},""postflop_invest_then_fold"":{""hands"":5,""chips"":-52}}","[{""hand"":57,""chips"":-18,""hole"":[""Kh"",""Qd""],""board"":[""9s"",""9h"",""5s""],""loss_category"":""postflop_invest_then_fold""},{""hand"":66,""chips"":-18,""hole"":[""Qs"",""Ac""],""board"":[""9h"",""4s"",""Kc""],""loss_category"":""postflop_invest_then_fold""},{""hand"":50,""chips"":-6,""hole"":[""6s"",""6c""],""board"":[""Ac"",""2h"",""4h""],""loss_category"":""postflop_invest_then_fold""},{""hand"":15,""chips"":-5,""hole"":[""9h"",""Kh""],""board"":[],""loss_category"":""preflop_invest_then_fold""},{""hand"":33,""chips"":-5,""hole"":[""Qc"",""Td""],""board"":[],""loss_category"":""preflop_invest_then_fold""}]"
j976hw528r43rx0cq11zwnsgw18fk3c9,ladder,100,138,87,0,0,0,0,0,0,0,0,[],"{""non_losing_hand"":{""hands"":75,""chips"":182},""blind_only_fold"":{""hands"":23,""chips"":-32},""postflop_invest_then_fold"":{""hands"":2,""chips"":-12}}","[{""hand"":23,""chips"":-6,""hole"":[""Kd"",""8d""],""board"":[""2c"",""Th"",""Jd"",""3s""],""loss_category"":""postflop_invest_then_fold""},{""hand"":37,""chips"":-6,""hole"":[""Ac"",""5c""],""board"":[""Qh"",""Js"",""8s""],""loss_category"":""postflop_invest_then_fold""},{""hand"":9,""chips"":-2,""hole"":[""4c"",""Td""],""board"":[""Th"",""7h"",""Kd""],""loss_category"":""blind_only_fold""},{""hand"":16,""chips"":-2,""hole"":[""7h"",""8c""],""board"":[],""loss_category"":""blind_only_fold""},{""hand"":44,""chips"":-2,""hole"":[""3c"",""8s""],""board"":[],""loss_category"":""blind_only_fold""}]"
j970k7hg7aagh935fzcbrb2g0x8fjxhh,ladder,100,150,85,0,0,0,0,0,0,0,0,[],"{""postflop_invest_then_fold"":{""hands"":4,""chips"":-36},""non_losing_hand"":{""hands"":67,""chips"":231},""blind_only_fold"":{""hands"":29,""chips"":-45}}","[{""hand"":0,""chips"":-18,""hole"":[""3s"",""3d""],""board"":[""6s"",""Ah"",""Kd"",""Td""],""loss_category"":""postflop_invest_then_fold""},{""hand"":12,""chips"":-6,""hole"":[""7s"",""7c""],""board"":[""Kc"",""3d"",""Th""],""loss_category"":""postflop_invest_then_fold""},{""hand"":77,""chips"":-6,""hole"":[""Qh"",""Ks""],""board"":[""5h"",""Jh"",""2c""],""loss_category"":""postflop_invest_then_fold""},{""hand"":97,""chips"":-6,""hole"":[""4h"",""4s""],""board"":[""Js"",""Kc"",""7c""],""loss_category"":""postflop_invest_then_fold""},{""hand"":3,""chips"":-2,""hole"":[""7s"",""Tc""],""board"":[],""loss_category"":""blind_only_fold""}]"
j973s3t24espzvsy5jt1v628qh8fjgc2,ladder,100,153,85,0,0,0,0,2,-2.842170943040401e-14,5.000000000000028,5,[],"{""non_losing_hand"":{""hands"":65,""chips"":607},""preflop_invest_then_fold"":{""hands"":4,""chips"":-23},""blind_only_fold"":{""hands"":21,""chips"":-30},""postflop_invest_then_fold"":{""hands"":7,""chips"":-92},""other_showdown_loss"":{""hands"":2,""chips"":-109},""other_losing_allin"":{""hands"":1,""chips"":-200}}","[{""hand"":82,""chips"":-200,""hole"":[""Kc"",""Kh""],""board"":[""Qh"",""Ts"",""7d"",""Jc"",""4s""],""loss_category"":""other_losing_allin""},{""hand"":18,""chips"":-83,""hole"":[""Qs"",""Ah""],""board"":[""3s"",""8h"",""3c"",""6h"",""6d""],""loss_category"":""other_showdown_loss""},{""hand"":20,""chips"":-61,""hole"":[""Qh"",""Ah""],""board"":[""Kh"",""7h"",""7s"",""Kc""],""loss_category"":""postflop_invest_then_fold""},{""hand"":29,""chips"":-26,""hole"":[""Ts"",""Kh""],""board"":[""Jc"",""Tc"",""3s"",""9d"",""2s""],""loss_category"":""other_showdown_loss""},{""hand"":13,""chips"":-7,""hole"":[""9s"",""Tc""],""board"":[],""loss_category"":""preflop_invest_then_fold""}]"
j976mt7exvkpd404c7xyzm40118fjpvy,ladder,100,179,87,0,0,0,0,0,0,0,0,[],"{""non_losing_hand"":{""hands"":60,""chips"":270},""blind_only_fold"":{""hands"":32,""chips"":-48},""preflop_invest_then_fold"":{""hands"":2,""chips"":-10},""postflop_invest_then_fold"":{""hands"":6,""chips"":-33}}","[{""hand"":22,""chips"":-6,""hole"":[""6h"",""6c""],""board"":[""9c"",""5c"",""Qc"",""7c"",""Qd""],""loss_category"":""postflop_invest_then_fold""},{""hand"":29,""chips"":-6,""hole"":[""5s"",""5h""],""board"":[""9d"",""9s"",""2c""],""loss_category"":""postflop_invest_then_fold""},{""hand"":71,""chips"":-6,""hole"":[""2s"",""2c""],""board"":[""Td"",""3c"",""Qd""],""loss_category"":""postflop_invest_then_fold""},{""hand"":15,""chips"":-5,""hole"":[""Jd"",""Kc""],""board"":[],""loss_category"":""preflop_invest_then_fold""},{""hand"":56,""chips"":-5,""hole"":[""9h"",""Qh""],""board"":[""Ah"",""6s"",""8s""],""loss_category"":""postflop_invest_then_fold""}]"
j97fxxrp4x5336w3ba4t30ntnx8fjrx3,ladder,100,206,73,0,0,0,0,1,20.0,180.0,200,[],"{""non_losing_hand"":{""hands"":63,""chips"":348},""blind_only_fold"":{""hands"":32,""chips"":-46},""preflop_invest_then_fold"":{""hands"":2,""chips"":-10},""other_showdown_loss"":{""hands"":3,""chips"":-86}}","[{""hand"":40,""chips"":-63,""hole"":[""Kh"",""8d""],""board"":[""9d"",""9c"",""5c"",""8c"",""6h""],""loss_category"":""other_showdown_loss""},{""hand"":58,""chips"":-19,""hole"":[""8c"",""Tc""],""board"":[""9c"",""9h"",""Jh"",""Jd"",""2c""],""loss_category"":""other_showdown_loss""},{""hand"":3,""chips"":-5,""hole"":[""Kh"",""Tc""],""board"":[],""loss_category"":""preflop_invest_then_fold""},{""hand"":52,""chips"":-5,""hole"":[""2c"",""Ac""],""board"":[],""loss_category"":""preflop_invest_then_fold""},{""hand"":82,""chips"":-4,""hole"":[""Qh"",""Kd""],""board"":[""8s"",""2d"",""6s"",""Js"",""6d""],""loss_category"":""other_showdown_loss""}]"
j978dvvr2w7werp0jqbgnxe4y98fjhkg,ladder,100,209,83,0,0,0,0,0,0,0,0,[],"{""non_losing_hand"":{""hands"":64,""chips"":365},""blind_only_fold"":{""hands"":29,""chips"":-42},""other_showdown_loss"":{""hands"":2,""chips"":-58},""postflop_invest_then_fold"":{""hands"":4,""chips"":-51},""preflop_invest_then_fold"":{""hands"":1,""chips"":-5}}","[{""hand"":72,""chips"":-39,""hole"":[""4d"",""Ad""],""board"":[""4c"",""7d"",""8d"",""Tc"",""8c""],""loss_category"":""other_showdown_loss""},{""hand"":97,""chips"":-22,""hole"":[""Jc"",""Qh""],""board"":[""8h"",""7c"",""Tc"",""Qd"",""Js""],""loss_category"":""postflop_invest_then_fold""},{""hand"":22,""chips"":-19,""hole"":[""5c"",""5d""],""board"":[""As"",""3d"",""Ac"",""2d"",""6d""],""loss_category"":""other_showdown_loss""},{""hand"":92,""chips"":-16,""hole"":[""8s"",""8d""],""board"":[""9d"",""7c"",""3c"",""2s"",""7d""],""loss_category"":""postflop_invest_then_fold""},{""hand"":31,""chips"":-7,""hole"":[""5c"",""5d""],""board"":[""Th"",""Jc"",""8c"",""7s""],""loss_category"":""postflop_invest_then_fold""}]"
j97f8cjw1erd7q3br0ef0bpx6n8fk36s,ladder,100,223,81,0,0,0,0,0,0,0,0,[],"{""non_losing_hand"":{""hands"":55,""chips"":305},""blind_only_fold"":{""hands"":41,""chips"":-60},""postflop_invest_then_fold"":{""hands"":3,""chips"":-17},""preflop_invest_then_fold"":{""hands"":1,""chips"":-5}}","[{""hand"":42,""chips"":-6,""hole"":[""Js"",""9s""],""board"":[""8c"",""Ac"",""3h"",""2c""],""loss_category"":""postflop_invest_then_fold""},{""hand"":98,""chips"":-6,""hole"":[""4h"",""4s""],""board"":[""2s"",""Qs"",""9d""],""loss_category"":""postflop_invest_then_fold""},{""hand"":22,""chips"":-5,""hole"":[""8d"",""6d""],""board"":[""Ad"",""8c"",""Kh"",""Js""],""loss_category"":""postflop_invest_then_fold""},{""hand"":95,""chips"":-5,""hole"":[""Ac"",""Jc""],""board"":[],""loss_category"":""preflop_invest_then_fold""},{""hand"":6,""chips"":-2,""hole"":[""6h"",""3s""],""board"":[],""loss_category"":""blind_only_fold""}]"
j97a414gmn92p1rpcwj24585fn8fkrjs,ladder,100,244,82,0,0,0,0,2,20.65789473684208,182.34210526315792,203,[],"{""non_losing_hand"":{""hands"":64,""chips"":321},""blind_only_fold"":{""hands"":32,""chips"":-50},""other_showdown_loss"":{""hands"":2,""chips"":-16},""preflop_invest_then_fold"":{""hands"":2,""chips"":-11}}","[{""hand"":14,""chips"":-10,""hole"":[""Kh"",""Ah""],""board"":[""Th"",""Qh"",""7d"",""6c"",""5c""],""loss_category"":""other_showdown_loss""},{""hand"":32,""chips"":-6,""hole"":[""2d"",""2h""],""board"":[""3c"",""5h"",""3s"",""4h"",""Td""],""loss_category"":""other_showdown_loss""},{""hand"":66,""chips"":-6,""hole"":[""4c"",""4h""],""board"":[""7d"",""4d"",""Qs""],""loss_category"":""preflop_invest_then_fold""},{""hand"":59,""chips"":-5,""hole"":[""Qc"",""Tc""],""board"":[],""loss_category"":""preflop_invest_then_fold""},{""hand"":3,""chips"":-2,""hole"":[""6s"",""Kh""],""board"":[],""loss_category"":""blind_only_fold""}]"
j97676a047qp2m3cq9829j91818fktnk,ladder,100,265,87,0,0,0,0,1,87.7520751953125,149.2479248046875,237,[],"{""non_losing_hand"":{""hands"":72,""chips"":323},""blind_only_fold"":{""hands"":24,""chips"":-34},""postflop_invest_then_fold"":{""hands"":2,""chips"":-12},""preflop_invest_then_fold"":{""hands"":1,""chips"":-5},""failed_air_bet_hand"":{""hands"":1,""chips"":-7}}","[{""hand"":29,""chips"":-7,""hole"":[""6d"",""Qc""],""board"":[""Tc"",""9c"",""3s"",""4s""],""loss_category"":""failed_air_bet_hand""},{""hand"":5,""chips"":-6,""hole"":[""9c"",""8c""],""board"":[""3h"",""Qh"",""6c""],""loss_category"":""postflop_invest_then_fold""},{""hand"":89,""chips"":-6,""hole"":[""Kd"",""Jh""],""board"":[""Th"",""2s"",""4h""],""loss_category"":""postflop_invest_then_fold""},{""hand"":13,""chips"":-5,""hole"":[""Ts"",""Ac""],""board"":[],""loss_category"":""preflop_invest_then_fold""},{""hand"":11,""chips"":-2,""hole"":[""Jc"",""8d""],""board"":[],""loss_category"":""blind_only_fold""}]"
j97fhpndam4yyhtea3xr7rmfvn8fk9qs,ladder,100,284,87,1,0,1,0,0,0,0,0,"[""j97fhpndam4yyhtea3xr7rmfvn8fk9qs:45:11""]","{""non_losing_hand"":{""hands"":72,""chips"":440},""blind_only_fold"":{""hands"":23,""chips"":-35},""postflop_invest_then_fold"":{""hands"":2,""chips"":-62},""preflop_invest_then_fold"":{""hands"":1,""chips"":-10},""probable_missed_terminal_call"":{""hands"":1,""chips"":-35},""other_showdown_loss"":{""hands"":1,""chips"":-14}}","[{""hand"":12,""chips"":-57,""hole"":[""Td"",""Tc""],""board"":[""2s"",""9s"",""Js"",""6d""],""loss_category"":""postflop_invest_then_fold""},{""hand"":45,""chips"":-35,""hole"":[""Qs"",""As""],""board"":[""Kd"",""9h"",""Qh"",""3c"",""7c""],""loss_category"":""probable_missed_terminal_call""},{""hand"":66,""chips"":-14,""hole"":[""Qs"",""Ah""],""board"":[""3c"",""9d"",""Ts"",""5s"",""3s""],""loss_category"":""other_showdown_loss""},{""hand"":17,""chips"":-10,""hole"":[""7h"",""7s""],""board"":[],""loss_category"":""preflop_invest_then_fold""},{""hand"":98,""chips"":-5,""hole"":[""Qs"",""Jd""],""board"":[""8h"",""Kh"",""4s"",""2h""],""loss_category"":""postflop_invest_then_fold""}]"
j970pja4p47jyb2s9tq8gwyt0x8fj3b7,ladder,100,394,90,0,0,0,0,2,236.724609375,168.275390625,405,[],"{""blind_only_fold"":{""hands"":26,""chips"":-40},""non_losing_hand"":{""hands"":67,""chips"":511},""postflop_invest_then_fold"":{""hands"":4,""chips"":-62},""preflop_invest_then_fold"":{""hands"":3,""chips"":-15}}","[{""hand"":34,""chips"":-45,""hole"":[""8s"",""8d""],""board"":[""5c"",""7c"",""2d"",""Ts"",""4s""],""loss_category"":""postflop_invest_then_fold""},{""hand"":12,""chips"":-6,""hole"":[""4c"",""4d""],""board"":[""7h"",""Kc"",""Qc"",""5h"",""6h""],""loss_category"":""postflop_invest_then_fold""},{""hand"":91,""chips"":-6,""hole"":[""Th"",""Qs""],""board"":[""5h"",""6d"",""5s"",""5d"",""7s""],""loss_category"":""postflop_invest_then_fold""},{""hand"":19,""chips"":-5,""hole"":[""Ad"",""6h""],""board"":[""3d"",""7c"",""Qc""],""loss_category"":""postflop_invest_then_fold""},{""hand"":39,""chips"":-5,""hole"":[""Jh"",""Tc""],""board"":[],""loss_category"":""preflop_invest_then_fold""}]"
j972b35fhfywwvns8tb0fpy0898fkhhm,ladder,100,567,88,0,0,0,0,1,45.27027027027026,156.72972972972974,202,[],"{""non_losing_hand"":{""hands"":66,""chips"":694},""postflop_invest_then_fold"":{""hands"":6,""chips"":-81},""blind_only_fold"":{""hands"":27,""chips"":-39},""preflop_invest_then_fold"":{""hands"":1,""chips"":-7}}","[{""hand"":70,""chips"":-40,""hole"":[""Td"",""Jc""],""board"":[""2c"",""Ts"",""3s"",""Js"",""Ks""],""loss_category"":""postflop_invest_then_fold""},{""hand"":16,""chips"":-19,""hole"":[""4c"",""Ah""],""board"":[""Th"",""Ad"",""9h"",""7d"",""8c""],""loss_category"":""postflop_invest_then_fold""},{""hand"":49,""chips"":-7,""hole"":[""9h"",""Ah""],""board"":[],""loss_category"":""preflop_invest_then_fold""},{""hand"":1,""chips"":-6,""hole"":[""6d"",""6s""],""board"":[""Jc"",""7c"",""Jd"",""2s"",""8d""],""loss_category"":""postflop_invest_then_fold""},{""hand"":91,""chips"":-6,""hole"":[""Kd"",""Jd""],""board"":[""7c"",""7h"",""8h""],""loss_category"":""postflop_invest_then_fold""}]"
