id,match,hand,street,action,amount,hole,board,pot,call,pot_odds,terminal_call,oracle_equity,oracle_call_ev,oracle_ev_se,tight_call_ev,loose_call_ev,public_ev_lower,public_ev_upper,retrospective_fold_saving,hand_chips,match_chips,classification,tags,reason
j974dagrebak85z3kzna2kwcth8fjzzf:74:17,j974dagrebak85z3kzna2kwcth8fjzzf,74,river,call,22,7d Kd,9s 3c Jh Qs 9h,77,22,0.2222222222222222,True,0.0,-22.0,0.0,-21.8187255859375,-20.2235107421875,-21.905672160789777,-19.970190993304282,22,-49,-116,probable_bad_terminal_call,"[""hindsight_negative_terminal_call""]",Both public-range models give call EV below -2 chips after their 95% Monte Carlo margin; folding would end further investment.
j978cjya3dkg56c89tmspk3j2d8fkk0n:47:15,j978cjya3dkg56c89tmspk3j2d8fkk0n,47,turn,call,170,4s 4c,7h 3c Jc 7c,237,170,0.4176904176904177,True,0.875,186.125,0.0,-86.5828857421875,-26.93890380859375,-90.14090226990534,-22.733203859500506,-237,207,-135,probable_bad_terminal_call,[],Both public-range models give call EV below -2 chips after their 95% Monte Carlo margin; folding would end further investment.
j97barad4gy4c14378trk14tqs8fk3ar:43:15,j97barad4gy4c14378trk14tqs8fk3ar,43,turn,call,171,Jh Th,Kh Ah 4c 9s,235,171,0.4211822660098522,True,0.25,-69.5,0.0,-56.4407958984375,-48.8828125,-60.389845678760274,-44.86464709434104,171,-200,-178,probable_bad_terminal_call,"[""hindsight_negative_terminal_call""]",Both public-range models give call EV below -2 chips after their 95% Monte Carlo margin; folding would end further investment.
j973m8xrhq5vvtyfd8c7mxyvyh8fjkvr:16:10,j973m8xrhq5vvtyfd8c7mxyvyh8fjkvr,16,preflop,fold,0,9d 9h,,408,194,0.3222591362126246,True,0.4388020833333333,70.15885416666667,4.663188479324341,40.65409342447916,73.0860595703125,34.33760684541525,79.5421591057223,,-6,-656,probable_missed_terminal_call,"[""positive_hidden_card_checkdown_ev"",""hindsight_profitable_terminal_call""]",Both public-range models give call EV above +2 chips after their 95% Monte Carlo margin; no future betting is required.
j973m8xrhq5vvtyfd8c7mxyvyh8fjkvr:46:9,j973m8xrhq5vvtyfd8c7mxyvyh8fjkvr,46,preflop,fold,0,Js Jh,,407,195,0.3239202657807309,True,0.6942545572916666,222.94124348958334,4.3281024258464535,145.58463541666666,144.80078125,138.36632883766455,152.00994516023115,,-5,-656,probable_missed_terminal_call,"[""positive_hidden_card_checkdown_ev"",""hindsight_profitable_terminal_call"",""would_share_recorded_final_board_against_then_live_hands""]",Both public-range models give call EV above +2 chips after their 95% Monte Carlo margin; no future betting is required.
j97ezzf8me25j31ymxdvq6pakd8fk0w0:1:9,j97ezzf8me25j31ymxdvq6pakd8fk0w0,1,preflop,fold,0,8c 8d,,208,195,0.4838709677419355,True,0.7335205078125,100.6087646484375,2.772538833420934,21.7010498046875,29.1785888671875,17.371664805748107,33.49098773066573,,-5,-846,probable_missed_terminal_call,"[""positive_hidden_card_checkdown_ev"",""hindsight_profitable_terminal_call""]",Both public-range models give call EV above +2 chips after their 95% Monte Carlo margin; no future betting is required.
j97ezzf8me25j31ymxdvq6pakd8fk0w0:15:8,j97ezzf8me25j31ymxdvq6pakd8fk0w0,15,preflop,fold,0,6s 6c,,403,198,0.32945091514143093,True,0.21761067708333331,-67.21598307291666,3.8653525793710104,34.7847900390625,51.817525227864586,28.4675475745976,58.208065066586656,,-2,-846,probable_missed_terminal_call,[],Both public-range models give call EV above +2 chips after their 95% Monte Carlo margin; no future betting is required.
j97ezzf8me25j31ymxdvq6pakd8fk0w0:16:9,j97ezzf8me25j31ymxdvq6pakd8fk0w0,16,preflop,fold,0,As Jc,,606,195,0.24344569288389514,True,0.05084228515625,-154.27532958984375,2.703681138892296,41.08575439453125,46.88726806640625,33.34659565894552,54.65120017899376,,-5,-846,probable_missed_terminal_call,[],Both public-range models give call EV above +2 chips after their 95% Monte Carlo margin; no future betting is required.
j97ezzf8me25j31ymxdvq6pakd8fk0w0:55:8,j97ezzf8me25j31ymxdvq6pakd8fk0w0,55,preflop,fold,0,Qd 8s,,203,198,0.4937655860349127,True,0.7481689453125,102.0157470703125,2.69033877865018,15.03125,15.912353515625,10.770456716484166,20.171888522538715,,-2,-846,probable_missed_terminal_call,"[""positive_hidden_card_checkdown_ev"",""hindsight_profitable_terminal_call""]",Both public-range models give call EV above +2 chips after their 95% Monte Carlo margin; no future betting is required.
j97ezzf8me25j31ymxdvq6pakd8fk0w0:69:10,j97ezzf8me25j31ymxdvq6pakd8fk0w0,69,preflop,fold,0,9s 9d,,406,195,0.324459234608985,True,0.22281901041666666,-61.085774739583336,3.8996909785379867,33.85980224609375,70.39520263671875,27.57920085209876,76.83316638237987,,-5,-846,probable_missed_terminal_call,[],Both public-range models give call EV above +2 chips after their 95% Monte Carlo margin; no future betting is required.
j976xc3rrc1640xgtgw3rp71ah8fjvgp:46:20,j976xc3rrc1640xgtgw3rp71ah8fjvgp,46,river,call,12,Jc Jd,Kh Qc 8d 5c Ah,75,12,0.13793103448275862,True,0.0,-12.0,0.0,-11.150390625,-3.08441162109375,-11.334496363221081,-2.513669593278132,12,-28,265,probable_bad_terminal_call,"[""hindsight_negative_terminal_call""]",Both public-range models give call EV below -2 chips after their 95% Monte Carlo margin; folding would end further investment.
j97fwcptg5rqqjprv4bghw4k4n8fkrk7:57:17,j97fwcptg5rqqjprv4bghw4k4n8fkrk7,57,river,call,51,Qs Ks,9d Ac Ts 6s 4c,361,51,0.12378640776699029,True,0.0,-51.0,0.0,-49.390625,-25.25,-49.938388810143024,-23.180988955401858,51,-200,-184,probable_bad_terminal_call,"[""hindsight_negative_terminal_call""]",Both public-range models give call EV below -2 chips after their 95% Monte Carlo margin; folding would end further investment.
j971kadp8metddwct3kzpec8v98fje85:47:18,j971kadp8metddwct3kzpec8v98fje85,47,river,call,118,Js Ad,Qh Qd 7s 2d 6d,289,118,0.28992628992628994,True,0.0,-118.0,0.0,-112.8826904296875,-53.93426513671875,-113.83039592573444,-50.787288670878006,118,-200,-685,probable_bad_terminal_call,"[""hindsight_negative_terminal_call""]",Both public-range models give call EV below -2 chips after their 95% Monte Carlo margin; folding would end further investment.
j97bbz0e77dg4b7zk6n6n0y43d8fje5b:22:16,j97bbz0e77dg4b7zk6n6n0y43d8fje5b,22,river,call,21,Kd Qh,2s As 3s Ks 3d,86,21,0.19626168224299065,True,0.0,-21.0,0.0,-18.570556640625,-7.17437744140625,-18.885449388298866,-6.482181459161892,21,-52,-292,probable_bad_terminal_call,"[""hindsight_negative_terminal_call""]",Both public-range models give call EV below -2 chips after their 95% Monte Carlo margin; folding would end further investment.
j97bbz0e77dg4b7zk6n6n0y43d8fje5b:80:14,j97bbz0e77dg4b7zk6n6n0y43d8fje5b,80,river,call,37,As Jh,3d 9c 9s 7s Qs,95,37,0.2803030303030303,True,0.0,-37.0,0.0,-33.11669921875,-12.096923828125,-33.58560139539105,-10.987352562948754,37,-65,-292,probable_bad_terminal_call,"[""hindsight_negative_terminal_call""]",Both public-range models give call EV below -2 chips after their 95% Monte Carlo margin; folding would end further investment.
j9747adj32h8tb2vjggd8kve058fkpv6:74:17,j9747adj32h8tb2vjggd8kve058fkpv6,74,river,call,28,Tc Ac,2s 2c Jh 6c 9d,84,28,0.25,True,0.0,-28.0,0.0,-26.5302734375,-7.8271484375,-26.794669403277563,-6.915411787498307,28,-55,14,probable_bad_terminal_call,"[""hindsight_negative_terminal_call""]",Both public-range models give call EV below -2 chips after their 95% Monte Carlo margin; folding would end further investment.
j972gkt64v39e1b23dg0hsvbad8fky17:16:14,j972gkt64v39e1b23dg0hsvbad8fky17,16,river,call,9,Kd 9d,Tc Js 6s Td Ts,37,9,0.1956521739130435,True,0.0,-9.0,0.0,-7.9808349609375,-3.693603515625,-8.121885592308333,-3.399915074675991,9,-23,-230,probable_bad_terminal_call,"[""hindsight_negative_terminal_call""]",Both public-range models give call EV below -2 chips after their 95% Monte Carlo margin; folding would end further investment.
j977vnk0vrtb95pjnceye3ftys8fkdqd:91:16,j977vnk0vrtb95pjnceye3ftys8fkdqd,91,river,call,29,Ts Th,Kd Ac 3d 6s 7d,117,29,0.19863013698630136,True,0.0,-29.0,0.0,-24.5355224609375,-8.1033935546875,-25.07512211573065,-7.000939319652728,29,-70,-466,probable_bad_terminal_call,"[""hindsight_negative_terminal_call""]",Both public-range models give call EV below -2 chips after their 95% Monte Carlo margin; folding would end further investment.
j97bmsfrarq8fgfmqjqk4dach58fk9t0:16:17,j97bmsfrarq8fgfmqjqk4dach58fk9t0,16,river,call,115,3s As,3c Qh 7c Ks Js,286,115,0.286783042394015,True,0.0,-115.0,0.0,-112.87066650390625,-93.0213623046875,-113.49998026345037,-91.06347623249633,115,-200,-534,probable_bad_terminal_call,"[""hindsight_negative_terminal_call""]",Both public-range models give call EV below -2 chips after their 95% Monte Carlo margin; folding would end further investment.
j97c22vg42mqkf2amq3hgan5pn8fkd9z:6:12,j97c22vg42mqkf2amq3hgan5pn8fkd9z,6,turn,call,164,9h Th,As Tc 6d Kh,239,164,0.40694789081885857,True,0.0,-164.0,0.0,-112.7886962890625,-74.46630859375,-115.67057446980125,-70.93104138430928,164,-200,-350,probable_bad_terminal_call,"[""hindsight_negative_terminal_call""]",Both public-range models give call EV below -2 chips after their 95% Monte Carlo margin; folding would end further investment.
j97c22vg42mqkf2amq3hgan5pn8fkd9z:8:17,j97c22vg42mqkf2amq3hgan5pn8fkd9z,8,river,call,35,Ts Ah,4c 7h 2d 4s 9c,142,35,0.1977401129943503,True,0.0,-35.0,0.0,-32.3856201171875,-10.29302978515625,-32.83822916612896,-8.98655697062426,35,-88,-350,probable_bad_terminal_call,"[""hindsight_negative_terminal_call""]",Both public-range models give call EV below -2 chips after their 95% Monte Carlo margin; folding would end further investment.
j97295bjssf4404tt0x8phvvh98fjfd5:18:17,j97295bjssf4404tt0x8phvvh98fjfd5,18,river,call,25,3d 3c,7d Js 4s 9h 2c,87,25,0.22321428571428573,True,1.0,87.0,0.0,-23.482421875,-9.3388671875,-23.76284235619061,-8.497772558139346,-87,57,-291,probable_bad_terminal_call,[],Both public-range models give call EV below -2 chips after their 95% Monte Carlo margin; folding would end further investment.
j97295bjssf4404tt0x8phvvh98fjfd5:33:14,j97295bjssf4404tt0x8phvvh98fjfd5,33,river,call,125,Kc Jc,6d Ts Ac 6c 3h,250,125,0.3333333333333333,True,0.0,-125.0,0.0,-123.10028076171875,-98.541259765625,-123.65731056471479,-96.50360708869454,125,-186,-291,probable_bad_terminal_call,"[""hindsight_negative_terminal_call""]",Both public-range models give call EV below -2 chips after their 95% Monte Carlo margin; folding would end further investment.
j97295bjssf4404tt0x8phvvh98fjfd5:51:14,j97295bjssf4404tt0x8phvvh98fjfd5,51,river,call,20,9c Ac,Ts 6s 4d Qh 6h,46,20,0.30303030303030304,True,0.0,-20.0,0.0,-17.50244140625,-7.423583984375,-17.765636926692277,-6.896725890055614,20,-33,-291,probable_bad_terminal_call,"[""hindsight_negative_terminal_call""]",Both public-range models give call EV below -2 chips after their 95% Monte Carlo margin; folding would end further investment.
j97295bjssf4404tt0x8phvvh98fjfd5:62:19,j97295bjssf4404tt0x8phvvh98fjfd5,62,river,call,80,Ac Kd,3d 5h Qd Th 5s,160,80,0.3333333333333333,True,0.0,-80.0,0.0,-75.0634765625,-45.517578125,-75.79502305058185,-43.705816524375315,80,-117,-291,probable_bad_terminal_call,"[""hindsight_negative_terminal_call""]",Both public-range models give call EV below -2 chips after their 95% Monte Carlo margin; folding would end further investment.
j97cc7d1gz5ajar1t1dx0f9bdd8fk89m:49:10,j97cc7d1gz5ajar1t1dx0f9bdd8fk89m,49,preflop,fold,0,Jd Jc,,227,182,0.4449877750611247,True,0.1361083984375,-126.3316650390625,2.1830871237801674,94.1448974609375,90.699951171875,86.55409188137924,98.2622541943397,,-18,-134,probable_missed_terminal_call,[],Both public-range models give call EV above +2 chips after their 95% Monte Carlo margin; no future betting is required.
j97cc7d1gz5ajar1t1dx0f9bdd8fk89m:51:13,j97cc7d1gz5ajar1t1dx0f9bdd8fk89m,51,turn,call,145,Th Tc,As 8h 2c 3c,257,145,0.36069651741293535,True,0.03125,-132.4375,0.0,-75.464599609375,-13.9525146484375,-78.73058188942785,-9.891285866434956,145,-200,-134,probable_bad_terminal_call,"[""hindsight_negative_terminal_call""]",Both public-range models give call EV below -2 chips after their 95% Monte Carlo margin; folding would end further investment.
j974dc0xqb3tv788pqtx2qs5118fj5nr:14:14,j974dc0xqb3tv788pqtx2qs5118fj5nr,14,river,call,49,3c 3h,Qc 2c 5d 8d Js,122,49,0.28654970760233917,True,0.0,-49.0,0.0,-45.952392578125,-25.7672119140625,-46.44235211691591,-24.49897199080793,49,-84,159,probable_bad_terminal_call,"[""hindsight_negative_terminal_call""]",Both public-range models give call EV below -2 chips after their 95% Monte Carlo margin; folding would end further investment.
j974s0bzmh9pw0t4gyjfg9ndgs8fk7a8:76:14,j974s0bzmh9pw0t4gyjfg9ndgs8fk7a8,76,river,call,41,5c 5s,Qd Ad Jh As 7s,98,41,0.2949640287769784,True,0.0,-41.0,0.0,-40.0328369140625,-27.6463623046875,-40.283060746504596,-26.76115558922465,41,-68,257,probable_bad_terminal_call,"[""hindsight_negative_terminal_call""]",Both public-range models give call EV below -2 chips after their 95% Monte Carlo margin; folding would end further investment.
j974s0bzmh9pw0t4gyjfg9ndgs8fk7a8:94:17,j974s0bzmh9pw0t4gyjfg9ndgs8fk7a8,94,river,call,21,Kh Qc,2d 7s Jh As 2c,85,21,0.19811320754716982,True,0.0,-21.0,0.0,-20.2689208984375,-13.249267578125,-20.45156939524286,-12.664159134659418,21,-52,257,probable_bad_terminal_call,"[""hindsight_negative_terminal_call""]",Both public-range models give call EV below -2 chips after their 95% Monte Carlo margin; folding would end further investment.
j974s0bzmh9pw0t4gyjfg9ndgs8fk7a8:97:15,j974s0bzmh9pw0t4gyjfg9ndgs8fk7a8,97,river,call,39,8d 8h,Td Ah 2s Jd Js,138,39,0.22033898305084745,True,0.0,-39.0,0.0,-36.43963623046875,-18.39825439453125,-36.88990727606501,-17.17719579286527,39,-88,257,probable_bad_terminal_call,"[""hindsight_negative_terminal_call""]",Both public-range models give call EV below -2 chips after their 95% Monte Carlo margin; folding would end further investment.
j9721qvs31v9ebbaeespea40w98fjx68:36:18,j9721qvs31v9ebbaeespea40w98fjx68,36,river,call,77,Qh 9h,4h 9c 6c Th Kd,163,77,0.32083333333333336,True,0.0,-77.0,0.0,-39.6904296875,-12.3564453125,-41.56778831808371,-10.061273256852576,77,-117,-303,probable_bad_terminal_call,"[""hindsight_negative_terminal_call""]",Both public-range models give call EV below -2 chips after their 95% Monte Carlo margin; folding would end further investment.
j977q0ets2e8j4dvxcj1p4yyrs8fk6fd:90:15,j977q0ets2e8j4dvxcj1p4yyrs8fk6fd,90,river,call,98,Jd Jh,Qh Kc 3s 4h 2c,305,98,0.24317617866004962,True,0.0,-98.0,0.0,-78.51904296875,-14.664794921875,-80.38847314147044,-11.133411434061818,98,-200,-305,probable_bad_terminal_call,"[""hindsight_negative_terminal_call""]",Both public-range models give call EV below -2 chips after their 95% Monte Carlo margin; folding would end further investment.
j97cy1rxv13nj3vmj6ev2gp9358fj6kn:18:12,j97cy1rxv13nj3vmj6ev2gp9358fj6kn,18,flop,call,166,Ad Kc,Qs 2h 3c,241,166,0.40786240786240785,True,0.032196969696969696,-152.89583333333334,0.0,-72.91961669921875,-23.43572998046875,-76.50868866779817,-19.403850191370672,166,-200,-189,probable_bad_terminal_call,"[""hindsight_negative_terminal_call""]",Both public-range models give call EV below -2 chips after their 95% Monte Carlo margin; folding would end further investment.
j97cy1rxv13nj3vmj6ev2gp9358fj6kn:36:14,j97cy1rxv13nj3vmj6ev2gp9358fj6kn,36,river,call,4,Jh 9h,Ks 2h 5c Ah 8c,22,4,0.15384615384615385,True,0.0,-4.0,0.0,-3.9761962890625,-3.6937255859375,-3.9929391330652035,-3.6343433213988043,4,-13,-189,probable_bad_terminal_call,"[""hindsight_negative_terminal_call""]",Both public-range models give call EV below -2 chips after their 95% Monte Carlo margin; folding would end further investment.
j978vaa5vs5k162fb9c4wv8vjh8fj03e:0:15,j978vaa5vs5k162fb9c4wv8vjh8fj03e,0,river,call,27,Kd Jd,Td Tc 2h 7d Ah,86,27,0.23893805309734514,True,0.0,-27.0,0.0,-26.04132080078125,-11.86114501953125,-26.25704837442389,-11.034294623586279,27,-55,-27,probable_bad_terminal_call,"[""hindsight_negative_terminal_call""]",Both public-range models give call EV below -2 chips after their 95% Monte Carlo margin; folding would end further investment.
j978vaa5vs5k162fb9c4wv8vjh8fj03e:66:17,j978vaa5vs5k162fb9c4wv8vjh8fj03e,66,river,call,146,5s As,Jd 2d 5d 6c Qh,256,146,0.36318407960199006,True,0.0,-146.0,0.0,-136.08740234375,-83.923583984375,-137.42547761132306,-80.81543217342801,146,-200,-27,probable_bad_terminal_call,"[""hindsight_negative_terminal_call""]",Both public-range models give call EV below -2 chips after their 95% Monte Carlo margin; folding would end further investment.
j978vaa5vs5k162fb9c4wv8vjh8fj03e:90:17,j978vaa5vs5k162fb9c4wv8vjh8fj03e,90,river,call,33,4h 4d,Kc 7h Td Jh Kh,81,33,0.2894736842105263,True,0.0,-33.0,0.0,-32.206787109375,-23.11962890625,-32.41200665540665,-22.425555475076884,33,-56,-27,probable_bad_terminal_call,"[""hindsight_negative_terminal_call""]",Both public-range models give call EV below -2 chips after their 95% Monte Carlo margin; folding would end further investment.
j970cdrww523rb9cgtafsg3ca98fkm1n:53:21,j970cdrww523rb9cgtafsg3ca98fkm1n,53,river,call,77,Kd Ac,Js Td Jh 5h 6s,180,77,0.29961089494163423,True,0.0,-77.0,0.0,-67.8707275390625,-17.9263916015625,-68.88892064726514,-15.597213100709284,77,-121,-50,probable_bad_terminal_call,"[""hindsight_negative_terminal_call""]",Both public-range models give call EV below -2 chips after their 95% Monte Carlo margin; folding would end further investment.
j9753q4prs3c6bhs199tsmh9q58fkqsx:20:15,j9753q4prs3c6bhs199tsmh9q58fkqsx,20,river,call,29,7d 7c,9d 9h Ah Kc Qh,93,29,0.23770491803278687,True,0.0,-29.0,0.0,-27.525634765625,-19.632568359375,-27.812843865908263,-18.93063965046035,29,-58,14,probable_bad_terminal_call,"[""hindsight_negative_terminal_call""]",Both public-range models give call EV below -2 chips after their 95% Monte Carlo margin; folding would end further investment.
j979vjkbbsane1yx9v9bg0df2x8fk24s:91:14,j979vjkbbsane1yx9v9bg0df2x8fk24s,91,river,call,19,Ah 2h,6d Js Tc 7d 6h,61,19,0.2375,True,0.0,-19.0,0.0,-17.96484375,-10.34765625,-18.15251965598634,-9.84972110169426,19,-39,-329,probable_bad_terminal_call,"[""hindsight_negative_terminal_call""]",Both public-range models give call EV below -2 chips after their 95% Monte Carlo margin; folding would end further investment.
j972wgk491evwkhkbgxnvyj4p18fkgzk:79:10,j972wgk491evwkhkbgxnvyj4p18fkgzk,79,preflop,fold,0,Qh Ac,,230,176,0.43349753694581283,True,0.59716796875,66.4501953125,3.10466928871879,53.5396728515625,52.0528564453125,47.81000846763671,57.85331440189827,,-24,460,probable_missed_terminal_call,"[""positive_hidden_card_checkdown_ev"",""hindsight_profitable_terminal_call""]",Both public-range models give call EV above +2 chips after their 95% Monte Carlo margin; no future betting is required.
j9714b22xh0dbnssx8dn6gqvqs8fj3am:0:17,j9714b22xh0dbnssx8dn6gqvqs8fj3am,0,river,call,111,Ac Qh,7d Th Ts 2s Kd,297,111,0.27205882352941174,True,0.0,-111.0,0.0,-100.2421875,-42.0205078125,-101.62900216197512,-38.744176018145,111,-200,-64,probable_bad_terminal_call,"[""hindsight_negative_terminal_call""]",Both public-range models give call EV below -2 chips after their 95% Monte Carlo margin; folding would end further investment.
j974pfs1yezgpyq5811ad2cr8s8fjzv0:36:14,j974pfs1yezgpyq5811ad2cr8s8fjzv0,36,river,call,34,Th Ah,8c 8s 5c 6s 4h,79,34,0.3008849557522124,True,0.0,-34.0,0.0,-19.68878173828125,-5.170654296875,-20.490784896693313,-4.111413239665044,34,-55,-493,probable_bad_terminal_call,"[""hindsight_negative_terminal_call""]",Both public-range models give call EV below -2 chips after their 95% Monte Carlo margin; folding would end further investment.
j974pfs1yezgpyq5811ad2cr8s8fjzv0:84:21,j974pfs1yezgpyq5811ad2cr8s8fjzv0,84,river,call,128,Ah Jh,Ts 2c 7h Qd 5h,256,128,0.3333333333333333,True,0.0,-128.0,0.0,-121.6015625,-89.09375,-122.651076987784,-86.5987122306693,128,-185,-493,probable_bad_terminal_call,"[""hindsight_negative_terminal_call""]",Both public-range models give call EV below -2 chips after their 95% Monte Carlo margin; folding would end further investment.
j979byv2162hsqb5wx5zmbsvw18fjz8r:29:19,j979byv2162hsqb5wx5zmbsvw18fjz8r,29,river,call,151,Jh Jc,Kd As 3c 9h 6d,255,151,0.37192118226600984,True,1.0,255.0,0.0,-138.956787109375,-71.80224609375,-140.44374024005626,-68.32224394623992,-255,206,249,probable_bad_terminal_call,[],Both public-range models give call EV below -2 chips after their 95% Monte Carlo margin; folding would end further investment.
j976rg6mssjcfjbmpapzreakyh8fkehw:25:17,j976rg6mssjcfjbmpapzreakyh8fkehw,25,river,call,15,Jc Ad,8d Ts 4c 5h 2h,40,15,0.2727272727272727,True,0.0,-15.0,0.0,-10.098876953125,-2.77069091796875,-10.434636769151304,-2.2771060222684563,15,-25,-73,probable_bad_terminal_call,"[""hindsight_negative_terminal_call""]",Both public-range models give call EV below -2 chips after their 95% Monte Carlo margin; folding would end further investment.
j977j6f97yt9zc2e4yeym1956h8fjg1e:70:18,j977j6f97yt9zc2e4yeym1956h8fjg1e,70,turn,fold,0,6s 6c,3h 3s 4h 4s,256,157,0.3801452784503632,True,0.09375,-118.28125,0.0,34.65277099609375,83.20245361328125,30.20736159498287,87.60485740639496,,-43,-350,probable_missed_terminal_call,[],Both public-range models give call EV above +2 chips after their 95% Monte Carlo margin; no future betting is required.
