table,games,calibration,main,delta,calibration_points,main_points,points_delta,calibration_win,main_win
0,4,707,1397,690,4.0,4.0,0.0,1,1
1,4,553,667,114,3.5,4.0,0.5,0,1
2,5,-165,-352,-187,4.0,1.0,-3.0,0,0
3,5,-369,125,494,4.0,4.0,0.0,0,0
4,4,283,3090,2807,4.0,4.0,0.0,1,1
5,5,-678,-605,73,2.0,1.0,-1.0,0,0
6,5,447,855,408,4.5,4.0,-0.5,0,0
7,4,688,638,-50,4.0,4.0,0.0,1,1
8,4,-158,-330,-172,1.5,3.0,1.5,0,0
9,5,838,-75,-913,4.0,4.0,0.0,0,0
10,6,1076,4300,3224,2.0,6.0,4.0,0,1
11,4,-183,-136,47,2.5,2.5,0.0,0,0
12,4,145,55,-90,2.0,1.0,-1.0,0,0
13,4,2871,4612,1741,3.5,4.0,0.5,0,1
14,5,175,382,207,3.0,4.5,1.5,0,0
15,5,502,-118,-620,3.0,2.0,-1.0,0,0
16,6,455,1031,576,6.0,6.0,0.0,1,1
17,5,726,634,-92,3.0,3.0,0.0,0,0
18,6,1100,756,-344,4.5,5.0,0.5,0,0
19,4,248,1321,1073,3.0,4.0,1.0,0,1
20,5,437,-211,-648,5.0,3.0,-2.0,1,0
21,6,-460,-84,376,1.5,4.0,2.5,0,0
22,4,702,937,235,4.0,3.0,-1.0,1,0
23,4,-170,-177,-7,1.0,2.0,1.0,0,0
24,4,366,1055,689,1.0,4.0,3.0,0,1
25,5,892,768,-124,5.0,5.0,0.0,1,1
26,5,-658,377,1035,2.0,2.5,0.5,0,0
27,4,19,239,220,4.0,3.0,-1.0,1,0
28,5,-33,546,579,2.5,5.0,2.5,0,1
29,5,279,98,-181,2.0,3.0,1.0,0,0
30,6,221,513,292,4.0,5.0,1.0,0,0
31,6,-105,562,667,2.0,6.0,4.0,0,1
32,6,3556,3095,-461,4.5,6.0,1.5,0,1
33,5,797,566,-231,2.0,5.0,3.0,0,1
34,6,572,1410,838,5.5,6.0,0.5,0,1
35,6,326,641,315,4.5,5.0,0.5,0,0
36,5,-46,-19,27,4.0,5.0,1.0,0,1
37,4,-26,-758,-732,3.0,1.5,-1.5,0,0
38,5,544,-67,-611,5.0,4.0,-1.0,1,0
39,5,-112,1022,1134,2.0,4.0,2.0,0,0
40,5,-219,-11,208,3.0,2.0,-1.0,0,0
41,5,-121,494,615,2.0,5.0,3.0,0,1
42,5,-97,90,187,3.5,3.5,0.0,0,0
43,4,-791,-572,219,1.0,2.0,1.0,0,0
44,5,1211,531,-680,3.5,3.0,-0.5,0,0
45,5,-283,712,995,1.0,4.5,3.5,0,0
46,6,-23,231,254,4.0,5.0,1.0,0,0
47,4,-20,424,444,2.0,4.0,2.0,0,1
48,5,5898,3309,-2589,5.0,4.0,-1.0,1,0
49,5,1285,1031,-254,5.0,5.0,0.0,1,1
50,5,89,-150,-239,3.0,2.5,-0.5,0,0
51,6,-435,-137,298,2.0,3.0,1.0,0,0
52,6,-314,-75,239,3.0,5.0,2.0,0,0
53,6,-189,130,319,1.0,4.0,3.0,0,0
54,4,-310,350,660,3.5,2.5,-1.0,0,0
55,5,-14,-40,-26,2.0,3.0,1.0,0,0
56,5,477,864,387,4.5,5.0,0.5,0,1
57,5,489,-147,-636,4.5,2.0,-2.5,0,0
58,6,1608,1324,-284,5.0,5.0,0.0,0,0
59,5,606,123,-483,4.5,5.0,0.5,0,1
60,6,1672,1138,-534,6.0,6.0,0.0,1,1
61,6,100,50,-50,4.5,2.0,-2.5,0,0
62,5,748,1157,409,4.0,5.0,1.0,0,1
63,5,812,713,-99,5.0,5.0,0.0,1,1
64,6,-397,-110,287,1.0,3.0,2.0,0,0
65,4,598,478,-120,2.5,4.0,1.5,0,1
66,5,1195,78,-1117,4.5,2.0,-2.5,0,0
67,5,916,332,-584,5.0,4.5,-0.5,1,0
68,5,178,-11,-189,4.0,3.0,-1.0,0,0
69,5,-108,381,489,3.0,5.0,2.0,0,1
70,5,634,533,-101,5.0,4.0,-1.0,1,0
71,4,34,515,481,3.0,3.0,0.0,0,0
72,6,-768,269,1037,1.0,5.5,4.5,0,0
73,6,136,686,550,6.0,5.0,-1.0,1,0
74,4,1518,2243,725,4.0,4.0,0.0,1,1
75,4,203,631,428,3.0,3.5,0.5,0,0
76,4,827,858,31,4.0,4.0,0.0,1,1
77,5,7,345,338,2.0,4.0,2.0,0,0
78,5,340,-435,-775,4.5,1.0,-3.5,0,0
79,5,831,925,94,5.0,5.0,0.0,1,1
80,4,-409,2310,2719,2.0,4.0,2.0,0,1
81,5,57,-46,-103,2.5,3.5,1.0,0,0
82,5,-313,356,669,3.0,4.0,1.0,0,0
83,4,-515,918,1433,2.0,4.0,2.0,0,1
84,5,171,503,332,3.0,3.0,0.0,0,0
85,6,-110,290,400,4.0,5.0,1.0,0,0
86,6,4175,5295,1120,6.0,6.0,0.0,1,1
87,5,593,484,-109,4.0,4.5,0.5,0,0
88,5,208,903,695,4.5,5.0,0.5,0,1
89,6,905,630,-275,6.0,6.0,0.0,1,1
90,4,-460,-466,-6,1.0,1.0,0.0,0,0
91,4,77,667,590,2.0,3.0,1.0,0,0
92,6,4225,4619,394,5.0,6.0,1.0,0,1
93,5,1375,884,-491,5.0,4.0,-1.0,1,0
94,4,-214,551,765,2.5,3.5,1.0,0,0
95,5,-97,662,759,3.0,5.0,2.0,0,1
96,6,-41,526,567,4.0,4.0,0.0,0,0
97,5,206,-168,-374,4.0,3.0,-1.0,0,0
98,6,391,1194,803,2.5,6.0,3.5,0,1
99,6,2154,2230,76,6.0,6.0,0.0,1,1
100,6,198,254,56,3.5,6.0,2.5,0,1
101,5,1001,615,-386,5.0,4.0,-1.0,1,0
102,4,644,1124,480,4.0,4.0,0.0,1,1
103,5,745,341,-404,5.0,4.5,-0.5,1,0
104,5,-747,442,1189,2.0,3.0,1.0,0,0
105,6,-237,-346,-109,4.0,2.5,-1.5,0,0
106,4,0,160,160,1.0,2.5,1.5,0,0
107,6,827,456,-371,6.0,5.0,-1.0,1,0
108,4,988,1151,163,4.0,4.0,0.0,1,1
109,5,377,218,-159,3.0,3.0,0.0,0,0
110,4,-227,226,453,2.5,4.0,1.5,0,1
111,4,481,911,430,3.0,4.0,1.0,0,1
112,5,-725,274,999,1.0,4.5,3.5,0,0
113,5,1636,1799,163,5.0,5.0,0.0,1,1
114,6,223,254,31,5.0,5.5,0.5,0,0
115,6,-319,292,611,2.5,3.0,0.5,0,0
116,5,38,-20,-58,4.5,4.5,0.0,0,0
117,4,494,37,-457,3.5,2.5,-1.0,0,0
118,6,-248,-198,50,2.5,2.0,-0.5,0,0
119,5,-172,221,393,3.0,2.0,-1.0,0,0
120,6,1699,421,-1278,6.0,3.0,-3.0,1,0
121,5,827,562,-265,4.0,4.0,0.0,0,0
122,5,-662,-295,367,1.0,3.0,2.0,0,0
123,5,65,457,392,2.0,3.0,1.0,0,0
124,5,662,357,-305,5.0,3.0,-2.0,1,0
125,5,-290,-97,193,3.0,4.0,1.0,0,0
126,5,5383,4962,-421,5.0,5.0,0.0,1,1
127,5,740,936,196,5.0,4.5,-0.5,1,0
128,6,1043,1636,593,6.0,6.0,0.0,1,1
129,6,756,882,126,5.0,6.0,1.0,0,1
130,5,52,707,655,2.0,3.5,1.5,0,0
131,5,914,79,-835,5.0,3.0,-2.0,1,0
132,5,162,-243,-405,2.0,1.5,-0.5,0,0
133,5,-267,-1484,-1217,3.0,1.0,-2.0,0,0
134,4,835,612,-223,4.0,4.0,0.0,1,1
135,6,196,250,54,4.0,3.5,-0.5,0,0
136,5,763,1000,237,4.0,5.0,1.0,0,1
137,5,1251,-32,-1283,4.0,2.0,-2.0,0,0
138,5,-86,850,936,3.0,4.0,1.0,0,0
139,4,1507,3588,2081,3.0,4.0,1.0,0,1
140,5,299,-402,-701,3.5,2.0,-1.5,0,0
141,4,649,560,-89,2.5,4.0,1.5,0,1
142,4,218,52,-166,4.0,3.0,-1.0,1,0
143,4,552,-11,-563,4.0,3.5,-0.5,1,0
144,5,811,1228,417,5.0,5.0,0.0,1,1
145,6,-5,-134,-129,4.0,5.5,1.5,0,0
146,5,956,-368,-1324,4.0,2.0,-2.0,0,0
147,5,161,368,207,1.5,4.0,2.5,0,0
148,6,431,718,287,3.0,5.0,2.0,0,0
149,5,901,1555,654,4.5,5.0,0.5,0,1
150,5,-248,-263,-15,2.0,3.5,1.5,0,0
151,4,1251,973,-278,4.0,3.5,-0.5,1,0
152,5,-500,-441,59,3.0,2.5,-0.5,0,0
153,4,-131,-588,-457,3.0,2.0,-1.0,0,0
154,5,-25,-392,-367,2.0,1.5,-0.5,0,0
155,6,61,-334,-395,4.0,1.5,-2.5,0,0
156,6,710,1028,318,4.5,5.0,0.5,0,0
157,5,-394,-528,-134,2.5,1.0,-1.5,0,0
158,4,251,-85,-336,2.0,2.0,0.0,0,0
159,5,226,628,402,4.0,4.0,0.0,0,0
160,6,3073,4210,1137,6.0,6.0,0.0,1,1
161,6,-148,740,888,4.0,6.0,2.0,0,1
162,4,564,486,-78,4.0,4.0,0.0,1,1
163,6,1694,1347,-347,6.0,3.5,-2.5,1,0
164,6,-448,120,568,2.0,5.0,3.0,0,0
165,6,816,1040,224,5.0,5.0,0.0,0,0
166,4,-435,418,853,1.0,4.0,3.0,0,1
167,5,399,456,57,3.0,4.5,1.5,0,0
168,4,-293,365,658,1.5,3.0,1.5,0,0
169,4,555,503,-52,3.0,3.0,0.0,0,0
170,5,63,579,516,1.5,5.0,3.5,0,1
171,5,265,714,449,4.5,5.0,0.5,0,1
172,5,591,558,-33,3.0,5.0,2.0,0,1
173,5,2145,2054,-91,5.0,4.0,-1.0,1,0
174,4,317,505,188,4.0,4.0,0.0,1,1
175,4,1020,1612,592,3.5,4.0,0.5,0,1
176,5,1762,1175,-587,2.0,2.5,0.5,0,0
177,5,4961,6206,1245,5.0,5.0,0.0,1,1
178,4,-207,-41,166,1.5,2.0,0.5,0,0
179,4,584,74,-510,4.0,2.5,-1.5,1,0
180,6,-153,-183,-30,3.0,3.0,0.0,0,0
181,4,426,582,156,3.5,4.0,0.5,0,1
182,5,490,64,-426,4.5,4.0,-0.5,0,0
183,4,-380,-145,235,1.0,1.5,0.5,0,0
184,4,-61,556,617,3.0,3.0,0.0,0,0
185,4,663,188,-475,4.0,3.0,-1.0,1,0
186,4,725,869,144,4.0,4.0,0.0,1,1
187,5,1094,609,-485,5.0,2.5,-2.5,1,0
188,6,-547,714,1261,1.5,6.0,4.5,0,1
189,6,675,668,-7,4.0,6.0,2.0,0,1
190,4,320,-146,-466,2.0,3.0,1.0,0,0
191,5,115,817,702,4.0,4.0,0.0,0,0
192,5,-295,-162,133,4.0,3.0,-1.0,0,0
193,6,1543,1170,-373,6.0,4.5,-1.5,1,0
194,4,123,960,837,3.0,2.5,-0.5,0,0
195,5,657,713,56,3.0,4.0,1.0,0,0
196,5,-13,715,728,2.5,5.0,2.5,0,1
197,5,1081,161,-920,5.0,2.5,-2.5,1,0
198,4,-171,-360,-189,1.5,1.5,0.0,0,0
199,4,-680,-433,247,1.5,1.0,-0.5,0,0
200,4,-330,348,678,2.0,4.0,2.0,0,1
201,5,593,694,101,4.5,3.0,-1.5,0,0
202,5,569,303,-266,5.0,3.0,-2.0,1,0
203,6,-364,337,701,3.5,4.0,0.5,0,0
204,6,657,886,229,4.5,4.5,0.0,0,0
205,4,108,547,439,4.0,4.0,0.0,1,1
206,6,1202,850,-352,6.0,5.5,-0.5,1,0
207,4,2425,2355,-70,4.0,4.0,0.0,1,1
208,4,597,-126,-723,4.0,1.0,-3.0,1,0
209,5,234,-349,-583,5.0,3.0,-2.0,1,0
210,4,-202,66,268,1.5,1.5,0.0,0,0
211,4,1374,858,-516,4.0,3.5,-0.5,1,0
212,5,372,491,119,3.0,4.0,1.0,0,0
213,4,108,352,244,2.5,4.0,1.5,0,1
214,5,230,640,410,3.5,3.0,-0.5,0,0
215,5,1039,920,-119,5.0,5.0,0.0,1,1
216,5,-79,65,144,4.0,3.0,-1.0,0,0
217,6,1729,1095,-634,5.0,6.0,1.0,0,1
218,5,343,-408,-751,3.0,2.0,-1.0,0,0
219,5,-466,-528,-62,1.0,3.0,2.0,0,0
220,6,1484,1271,-213,4.0,5.0,1.0,0,0
221,6,31,-62,-93,4.5,3.5,-1.0,0,0
222,5,-133,456,589,2.0,4.0,2.0,0,0
223,6,-127,335,462,2.0,5.0,3.0,0,0
224,5,654,1141,487,2.5,4.0,1.5,0,0
225,4,512,406,-106,4.0,4.0,0.0,1,1
226,6,1872,1582,-290,6.0,6.0,0.0,1,1
227,6,-134,174,308,4.0,5.0,1.0,0,0
228,6,382,1423,1041,4.0,3.0,-1.0,0,0
229,4,973,721,-252,3.0,3.0,0.0,0,0
230,5,1242,1373,131,5.0,5.0,0.0,1,1
231,6,467,-133,-600,3.0,3.5,0.5,0,0
232,6,109,164,55,3.0,4.0,1.0,0,0
233,4,708,381,-327,3.5,2.0,-1.5,0,0
234,6,1092,474,-618,6.0,5.0,-1.0,1,0
235,5,269,-271,-540,5.0,1.0,-4.0,1,0
236,6,19,94,75,4.0,2.0,-2.0,0,0
237,5,168,1174,1006,4.0,3.5,-0.5,0,0
238,5,-358,-29,329,1.0,2.0,1.0,0,0
239,4,693,267,-426,4.0,4.0,0.0,1,1
240,5,-593,-805,-212,2.0,3.0,1.0,0,0
241,5,971,1287,316,5.0,5.0,0.0,1,1
242,6,1215,1024,-191,6.0,5.5,-0.5,1,0
243,5,469,-85,-554,3.0,2.5,-0.5,0,0
244,5,1121,729,-392,5.0,5.0,0.0,1,1
245,5,-363,397,760,1.0,5.0,4.0,0,1
246,6,1747,207,-1540,6.0,2.0,-4.0,1,0
247,6,-305,353,658,3.0,4.0,1.0,0,0
248,4,3559,2622,-937,3.5,3.0,-0.5,0,0
249,4,1489,2116,627,2.5,2.0,-0.5,0,0
250,6,533,718,185,6.0,6.0,0.0,1,1
251,4,-109,633,742,2.5,4.0,1.5,0,1
252,5,434,520,86,5.0,4.0,-1.0,1,0
253,5,-127,27,154,2.0,2.0,0.0,0,0
254,5,-645,-172,473,1.0,2.0,1.0,0,0
255,5,18,-728,-746,3.0,2.0,-1.0,0,0
256,5,682,846,164,5.0,5.0,0.0,1,1
257,6,-901,-949,-48,2.5,3.0,0.5,0,0
258,6,-442,-586,-144,3.0,2.0,-1.0,0,0
259,6,70,72,2,2.0,2.0,0.0,0,0
260,5,438,-220,-658,3.5,3.0,-0.5,0,0
261,4,432,154,-278,4.0,3.0,-1.0,1,0
262,4,2,388,386,1.0,2.0,1.0,0,0
263,6,372,999,627,3.5,6.0,2.5,0,1
264,4,-284,476,760,2.0,4.0,2.0,0,1
265,5,295,-255,-550,4.0,3.5,-0.5,0,0
266,4,94,108,14,2.5,2.0,-0.5,0,0
267,5,598,173,-425,5.0,4.0,-1.0,1,0
268,5,834,-223,-1057,5.0,1.5,-3.5,1,0
269,5,4421,3114,-1307,5.0,5.0,0.0,1,1
270,5,-75,-593,-518,2.0,3.0,1.0,0,0
271,4,227,229,2,4.0,3.0,-1.0,1,0
272,4,1889,1677,-212,2.5,2.0,-0.5,0,0
273,6,-63,-101,-38,3.5,4.5,1.0,0,0
274,5,655,323,-332,3.5,4.0,0.5,0,0
275,6,3340,2999,-341,3.0,3.5,0.5,0,0
276,5,1600,1063,-537,4.0,3.0,-1.0,0,0
277,5,2164,1878,-286,5.0,5.0,0.0,1,1
278,6,120,-114,-234,3.0,3.0,0.0,0,0
279,5,399,660,261,4.0,4.5,0.5,0,0
280,5,-526,-812,-286,3.0,1.0,-2.0,0,0
281,5,1802,689,-1113,5.0,5.0,0.0,1,1
282,5,314,-199,-513,3.0,1.0,-2.0,0,0
283,6,374,-98,-472,4.0,2.0,-2.0,0,0
284,5,59,-121,-180,1.0,2.0,1.0,0,0
285,5,633,-129,-762,4.0,3.0,-1.0,0,0
286,6,-24,307,331,5.0,5.5,0.5,0,0
287,5,796,393,-403,5.0,4.0,-1.0,1,0
288,4,228,363,135,3.0,4.0,1.0,0,1
289,4,194,203,9,3.5,3.5,0.0,0,0
290,4,564,808,244,4.0,3.5,-0.5,1,0
291,5,850,727,-123,4.0,5.0,1.0,0,1
292,5,734,629,-105,5.0,5.0,0.0,1,1
293,5,3020,3161,141,4.0,3.5,-0.5,0,0
294,5,5,148,143,2.0,4.0,2.0,0,0
295,6,3196,2295,-901,6.0,3.0,-3.0,1,0
296,5,117,82,-35,4.0,4.0,0.0,0,0
297,5,787,160,-627,5.0,2.0,-3.0,1,0
298,5,-539,-128,411,2.5,3.0,0.5,0,0
299,5,282,390,108,4.5,3.0,-1.5,0,0
300,4,215,2,-213,4.0,3.0,-1.0,1,0
301,5,487,1454,967,4.5,5.0,0.5,0,1
302,6,1034,1052,18,5.0,6.0,1.0,0,1
303,5,323,527,204,4.0,4.0,0.0,0,0
304,4,695,948,253,4.0,4.0,0.0,1,1
305,5,2935,3098,163,3.0,3.0,0.0,0,0
306,5,340,274,-66,4.5,4.0,-0.5,0,0
307,5,291,358,67,3.0,2.5,-0.5,0,0
308,4,-23,-164,-141,1.5,2.5,1.0,0,0
309,5,355,281,-74,5.0,5.0,0.0,1,1
310,5,-578,233,811,3.0,4.5,1.5,0,0
311,5,420,143,-277,4.5,3.0,-1.5,0,0
312,6,-875,-587,288,1.0,1.0,0.0,0,0
313,6,494,573,79,3.5,6.0,2.5,0,1
314,5,-603,-441,162,1.5,2.0,0.5,0,0
315,6,1382,652,-730,6.0,5.5,-0.5,1,0
316,6,-199,-196,3,2.0,1.5,-0.5,0,0
317,5,285,523,238,3.5,3.0,-0.5,0,0
318,5,-267,-216,51,2.5,1.5,-1.0,0,0
319,5,341,912,571,3.0,4.5,1.5,0,0
320,6,222,1357,1135,4.0,6.0,2.0,0,1
321,5,209,296,87,4.0,3.0,-1.0,0,0
322,5,1733,2028,295,5.0,4.0,-1.0,1,0
323,4,120,331,211,3.0,3.5,0.5,0,0
324,6,2002,900,-1102,6.0,5.0,-1.0,1,0
325,4,-105,292,397,1.0,2.5,1.5,0,0
326,4,356,153,-203,2.0,3.5,1.5,0,0
327,6,1104,1126,22,6.0,6.0,0.0,1,1
328,4,340,243,-97,3.0,4.0,1.0,0,1
329,6,606,511,-95,4.0,3.0,-1.0,0,0
330,4,1692,1175,-517,4.0,4.0,0.0,1,1
331,4,264,-585,-849,3.0,1.0,-2.0,0,0
332,5,-355,-170,185,2.5,3.0,0.5,0,0
333,5,470,-19,-489,4.0,3.0,-1.0,0,0
334,5,273,103,-170,4.0,3.5,-0.5,0,0
335,5,306,312,6,5.0,3.0,-2.0,1,0
336,4,93,325,232,3.0,3.5,0.5,0,0
337,5,-690,-417,273,2.0,1.0,-1.0,0,0
338,5,464,50,-414,3.5,2.0,-1.5,0,0
339,4,996,575,-421,3.5,3.5,0.0,0,0
340,5,-184,199,383,3.0,3.5,0.5,0,0
341,4,1448,717,-731,4.0,4.0,0.0,1,1
342,5,280,0,-280,2.0,4.0,2.0,0,0
343,5,1157,1110,-47,5.0,5.0,0.0,1,1
344,5,-299,398,697,3.0,3.0,0.0,0,0
345,6,-41,95,136,4.0,5.0,1.0,0,0
346,5,168,-76,-244,5.0,2.0,-3.0,1,0
347,5,-486,518,1004,2.0,3.0,1.0,0,0
348,5,355,787,432,5.0,4.5,-0.5,1,0
349,6,1956,1706,-250,4.0,3.0,-1.0,0,0
350,6,79,959,880,4.0,5.5,1.5,0,0
351,6,1026,1112,86,6.0,5.0,-1.0,1,0
352,5,-242,984,1226,2.0,4.5,2.5,0,0
353,5,2920,3171,251,4.0,5.0,1.0,0,1
354,4,-433,170,603,1.0,3.0,2.0,0,0
355,5,438,270,-168,3.0,3.0,0.0,0,0
356,5,811,-923,-1734,5.0,1.5,-3.5,1,0
357,4,277,829,552,4.0,4.0,0.0,1,1
358,6,1025,563,-462,5.0,4.5,-0.5,0,0
359,6,94,797,703,5.0,6.0,1.0,0,1
360,5,-348,377,725,2.0,5.0,3.0,0,1
361,6,-649,72,721,2.0,5.5,3.5,0,0
362,5,659,708,49,5.0,5.0,0.0,1,1
363,6,-97,462,559,4.0,4.0,0.0,0,0
364,5,399,1041,642,3.0,5.0,2.0,0,1
365,5,315,190,-125,5.0,2.0,-3.0,1,0
366,4,212,-206,-418,1.5,3.0,1.5,0,0
367,6,-600,-45,555,2.0,3.0,1.0,0,0
368,5,-410,117,527,2.0,5.0,3.0,0,1
369,5,-191,1038,1229,2.5,4.0,1.5,0,0
370,4,-337,-78,259,2.5,1.0,-1.5,0,0
371,5,392,485,93,5.0,4.0,-1.0,1,0
372,4,780,167,-613,4.0,3.0,-1.0,1,0
373,6,724,954,230,6.0,5.0,-1.0,1,0
374,5,-654,473,1127,1.0,4.0,3.0,0,0
375,5,299,238,-61,3.0,5.0,2.0,0,1
376,5,-1442,-449,993,1.0,1.0,0.0,0,0
377,4,752,693,-59,4.0,4.0,0.0,1,1
378,6,603,623,20,5.0,5.5,0.5,0,0
379,5,260,505,245,5.0,5.0,0.0,1,1
380,5,316,52,-264,4.0,4.0,0.0,0,0
381,5,202,323,121,4.5,2.5,-2.0,0,0
382,5,-256,-414,-158,2.0,2.0,0.0,0,0
383,5,1942,2001,59,4.5,5.0,0.5,0,1
384,4,368,84,-284,4.0,2.5,-1.5,1,0
385,5,219,2150,1931,2.0,3.5,1.5,0,0
386,5,245,353,108,4.0,4.5,0.5,0,0
387,5,-566,-223,343,3.0,3.0,0.0,0,0
388,5,-686,931,1617,2.0,1.0,-1.0,0,0
389,5,3,435,432,2.0,5.0,3.0,0,1
390,4,579,-28,-607,3.0,2.5,-0.5,0,0
391,6,779,531,-248,6.0,5.0,-1.0,1,0
392,4,-99,-186,-87,2.5,1.5,-1.0,0,0
393,5,689,620,-69,5.0,3.5,-1.5,1,0
394,5,353,1013,660,3.0,4.0,1.0,0,0
395,5,829,856,27,4.0,3.0,-1.0,0,0
396,5,50,37,-13,1.5,3.5,2.0,0,0
397,5,-159,682,841,1.5,4.5,3.0,0,0
398,5,500,1132,632,4.0,5.0,1.0,0,1
399,6,273,513,240,4.5,6.0,1.5,0,1
400,6,2210,2406,196,5.0,6.0,1.0,0,1
401,5,334,235,-99,3.5,4.5,1.0,0,0
402,5,181,442,261,3.0,5.0,2.0,0,1
403,4,176,606,430,3.0,4.0,1.0,0,1
404,5,92,-56,-148,3.0,3.0,0.0,0,0
405,5,999,408,-591,5.0,4.0,-1.0,1,0
406,4,110,455,345,2.5,2.0,-0.5,0,0
407,6,-461,446,907,2.0,2.0,0.0,0,0
408,4,23,34,11,4.0,2.0,-2.0,1,0
409,5,-443,-24,419,1.0,2.5,1.5,0,0
410,5,1,-33,-34,3.5,3.5,0.0,0,0
411,6,589,667,78,5.0,5.0,0.0,0,0
412,5,485,-183,-668,3.5,2.0,-1.5,0,0
413,4,1196,253,-943,4.0,2.0,-2.0,1,0
414,4,240,-205,-445,3.0,1.5,-1.5,0,0
415,5,794,313,-481,4.0,3.5,-0.5,0,0
416,4,333,275,-58,2.5,2.5,0.0,0,0
417,6,-338,479,817,2.0,5.0,3.0,0,0
418,5,1311,1365,54,5.0,5.0,0.0,1,1
419,6,582,432,-150,3.0,3.0,0.0,0,0
420,5,517,871,354,4.0,5.0,1.0,0,1
421,4,-139,593,732,2.0,4.0,2.0,0,1
422,4,510,1185,675,4.0,4.0,0.0,1,1
423,5,458,464,6,4.5,3.0,-1.5,0,0
424,5,575,664,89,5.0,4.0,-1.0,1,0
425,4,242,821,579,3.5,3.5,0.0,0,0
426,4,513,50,-463,3.0,3.0,0.0,0,0
427,6,207,-187,-394,4.0,2.5,-1.5,0,0
428,6,1714,1199,-515,6.0,5.0,-1.0,1,0
429,5,503,178,-325,5.0,4.5,-0.5,1,0
430,4,216,45,-171,3.0,2.5,-0.5,0,0
431,4,920,957,37,4.0,4.0,0.0,1,1
432,6,95,377,282,3.0,3.0,0.0,0,0
433,5,2518,3594,1076,5.0,5.0,0.0,1,1
434,6,815,435,-380,5.5,3.5,-2.0,0,0
435,4,622,989,367,3.0,3.5,0.5,0,0
436,6,394,255,-139,2.0,2.0,0.0,0,0
437,5,1750,582,-1168,5.0,3.0,-2.0,1,0
438,4,40,440,400,2.0,2.5,0.5,0,0
439,6,2753,2570,-183,4.5,4.0,-0.5,0,0
440,5,863,81,-782,4.5,2.0,-2.5,0,0
441,5,1049,512,-537,5.0,5.0,0.0,1,1
442,5,-160,-61,99,4.0,3.5,-0.5,0,0
443,6,369,363,-6,4.5,6.0,1.5,0,1
444,5,2516,3011,495,5.0,5.0,0.0,1,1
445,5,67,336,269,4.5,4.0,-0.5,0,0
446,6,3211,3864,653,4.0,5.0,1.0,0,0
447,5,789,1341,552,2.0,4.0,2.0,0,0
448,5,469,40,-429,2.5,2.0,-0.5,0,0
449,5,311,784,473,3.0,5.0,2.0,0,1
450,5,-177,119,296,1.5,3.0,1.5,0,0
451,4,53,159,106,2.5,2.0,-0.5,0,0
452,5,391,762,371,3.5,3.5,0.0,0,0
453,4,443,649,206,2.5,4.0,1.5,0,1
454,4,266,927,661,4.0,4.0,0.0,1,1
455,6,-3,-129,-126,4.0,2.0,-2.0,0,0
456,4,-102,821,923,3.5,4.0,0.5,0,1
457,5,850,369,-481,4.0,4.0,0.0,0,0
458,6,1520,1121,-399,5.0,5.0,0.0,0,0
459,5,888,1185,297,2.0,5.0,3.0,0,1
460,4,325,-73,-398,3.0,3.0,0.0,0,0
461,5,-192,863,1055,2.5,3.5,1.0,0,0
462,6,-57,229,286,3.0,4.5,1.5,0,0
463,5,524,702,178,2.5,4.0,1.5,0,0
464,5,-280,61,341,1.5,4.0,2.5,0,0
465,4,-876,-14,862,1.0,2.0,1.0,0,0
466,5,-690,23,713,2.0,4.0,2.0,0,0
467,4,349,285,-64,3.5,4.0,0.5,0,1
468,6,653,795,142,5.5,5.5,0.0,0,0
469,4,-225,412,637,1.0,3.0,2.0,0,0
470,5,141,580,439,2.5,4.0,1.5,0,0
471,6,607,517,-90,6.0,5.0,-1.0,1,0
472,5,861,653,-208,5.0,5.0,0.0,1,1
473,5,335,1787,1452,5.0,5.0,0.0,1,1
474,6,-257,-764,-507,4.0,1.0,-3.0,0,0
475,4,14,83,69,3.5,2.0,-1.5,0,0
476,4,-75,-217,-142,3.0,3.0,0.0,0,0
477,6,771,1122,351,6.0,4.5,-1.5,1,0
478,5,846,1104,258,5.0,5.0,0.0,1,1
479,6,-723,-268,455,1.5,2.5,1.0,0,0
480,6,1555,1668,113,4.0,5.0,1.0,0,0
481,5,-34,150,184,3.5,3.5,0.0,0,0
482,5,-1069,211,1280,2.0,3.0,1.0,0,0
483,6,740,609,-131,5.0,4.0,-1.0,0,0
484,6,943,-710,-1653,5.0,1.0,-4.0,0,0
485,5,467,757,290,5.0,5.0,0.0,1,1
486,5,296,596,300,4.5,5.0,0.5,0,1
487,4,617,-99,-716,4.0,3.0,-1.0,1,0
488,4,633,-351,-984,4.0,1.0,-3.0,1,0
489,5,1156,979,-177,5.0,5.0,0.0,1,1
490,5,988,628,-360,4.5,4.0,-0.5,0,0
491,6,79,352,273,3.5,3.0,-0.5,0,0
492,4,-24,557,581,2.0,3.0,1.0,0,0
493,6,569,219,-350,5.0,4.0,-1.0,0,0
494,5,115,400,285,4.0,4.0,0.0,0,0
495,4,-256,449,705,3.0,4.0,1.0,0,1
496,5,-105,-332,-227,3.0,4.0,1.0,0,0
497,5,-44,172,216,3.5,1.0,-2.5,0,0
498,5,1868,3630,1762,3.0,4.0,1.0,0,0
499,4,344,254,-90,4.0,4.0,0.0,1,1
500,5,541,1015,474,4.0,3.5,-0.5,0,0
501,5,175,101,-74,2.0,3.5,1.5,0,0
502,4,1388,-250,-1638,4.0,2.5,-1.5,1,0
503,5,590,440,-150,4.0,4.0,0.0,0,0
504,5,742,303,-439,5.0,4.0,-1.0,1,0
505,4,472,358,-114,3.5,3.0,-0.5,0,0
506,5,1562,1175,-387,4.0,5.0,1.0,0,1
507,5,-289,265,554,1.0,2.0,1.0,0,0
508,4,532,1076,544,3.0,4.0,1.0,0,1
509,5,141,470,329,4.0,4.5,0.5,0,0
510,4,-104,381,485,1.5,2.0,0.5,0,0
511,6,90,366,276,4.0,5.0,1.0,0,0
512,4,-185,-352,-167,3.5,1.5,-2.0,0,0
513,5,367,-40,-407,4.5,3.0,-1.5,0,0
514,6,643,827,184,5.5,6.0,0.5,0,1
515,5,-446,-747,-301,1.5,3.0,1.5,0,0
516,6,1481,1552,71,3.0,3.0,0.0,0,0
517,4,1255,999,-256,4.0,4.0,0.0,1,1
518,5,599,1084,485,3.0,4.5,1.5,0,0
519,5,222,269,47,3.5,3.0,-0.5,0,0
520,4,-118,358,476,1.5,4.0,2.5,0,1
521,5,-203,478,681,3.0,4.0,1.0,0,0
522,6,-43,368,411,4.5,6.0,1.5,0,1
523,5,-661,152,813,1.5,1.5,0.0,0,0
524,6,457,-136,-593,4.5,3.0,-1.5,0,0
525,5,-482,-278,204,1.0,3.0,2.0,0,0
526,5,518,301,-217,3.0,3.0,0.0,0,0
527,6,1203,1669,466,4.0,5.0,1.0,0,0
528,5,-358,255,613,1.0,4.5,3.5,0,0
529,5,294,36,-258,4.0,2.0,-2.0,0,0
530,5,-166,-35,131,2.5,2.5,0.0,0,0
531,6,1145,2125,980,5.0,6.0,1.0,0,1
532,5,392,850,458,3.0,5.0,2.0,0,1
533,6,-310,-52,258,2.0,2.0,0.0,0,0
534,4,559,1038,479,3.0,4.0,1.0,0,1
535,5,51,-513,-564,2.0,2.0,0.0,0,0
536,5,-35,475,510,4.0,3.0,-1.0,0,0
537,5,-385,-711,-326,1.0,1.0,0.0,0,0
538,5,1086,756,-330,5.0,4.5,-0.5,1,0
539,6,1097,657,-440,6.0,4.5,-1.5,1,0
540,5,867,1360,493,5.0,5.0,0.0,1,1
541,4,1082,1056,-26,4.0,4.0,0.0,1,1
542,6,418,506,88,5.0,5.5,0.5,0,0
543,6,-116,-121,-5,4.5,4.0,-0.5,0,0
544,5,777,909,132,4.0,5.0,1.0,0,1
545,4,317,688,371,4.0,4.0,0.0,1,1
546,5,988,899,-89,5.0,4.0,-1.0,1,0
547,4,-89,581,670,1.0,4.0,3.0,0,1
548,4,19,785,766,3.0,4.0,1.0,0,1
549,5,1807,1320,-487,4.0,2.0,-2.0,0,0
550,6,1380,845,-535,6.0,4.0,-2.0,1,0
551,5,589,282,-307,5.0,4.0,-1.0,1,0
552,5,-153,988,1141,3.5,5.0,1.5,0,1
553,5,451,2037,1586,3.0,4.0,1.0,0,0
554,5,1292,1247,-45,5.0,5.0,0.0,1,1
555,5,258,-268,-526,4.0,2.0,-2.0,0,0
556,4,123,492,369,4.0,4.0,0.0,1,1
557,6,423,-325,-748,5.0,2.0,-3.0,0,0
558,5,1604,850,-754,5.0,4.0,-1.0,1,0
559,4,-296,63,359,2.0,2.0,0.0,0,0
560,5,-225,1087,1312,2.5,5.0,2.5,0,1
561,6,99,213,114,6.0,3.5,-2.5,1,0
562,4,110,217,107,2.0,4.0,2.0,0,1
563,5,798,1269,471,5.0,5.0,0.0,1,1
564,5,-282,-241,41,2.0,3.0,1.0,0,0
565,4,362,749,387,2.0,2.5,0.5,0,0
566,6,-73,652,725,3.5,6.0,2.5,0,1
567,4,994,391,-603,4.0,4.0,0.0,1,1
568,5,218,486,268,2.5,5.0,2.5,0,1
569,4,628,689,61,4.0,4.0,0.0,1,1
570,6,1063,1311,248,4.0,5.0,1.0,0,0
571,5,198,444,246,3.5,4.0,0.5,0,0
572,4,-150,-55,95,2.5,1.5,-1.0,0,0
573,5,-157,331,488,3.5,2.5,-1.0,0,0
574,5,125,768,643,4.0,5.0,1.0,0,1
575,4,-313,-217,96,1.0,1.0,0.0,0,0
576,5,2080,2886,806,4.0,4.5,0.5,0,0
577,5,-87,197,284,2.5,3.0,0.5,0,0
578,6,1078,735,-343,6.0,5.0,-1.0,1,0
579,4,352,-200,-552,3.0,1.0,-2.0,0,0
580,5,-201,-15,186,4.0,2.5,-1.5,0,0
581,5,339,796,457,2.0,2.0,0.0,0,0
582,5,443,1313,870,3.0,3.0,0.0,0,0
583,5,-487,-187,300,2.0,1.0,-1.0,0,0
584,6,1275,3697,2422,3.0,5.0,2.0,0,0
585,6,-388,255,643,1.0,4.0,3.0,0,0
586,5,760,612,-148,5.0,5.0,0.0,1,1
587,5,-313,-415,-102,3.0,2.0,-1.0,0,0
588,5,874,706,-168,5.0,5.0,0.0,1,1
589,5,717,463,-254,3.0,5.0,2.0,0,1
590,5,2699,2590,-109,5.0,5.0,0.0,1,1
591,5,227,653,426,4.0,5.0,1.0,0,1
592,5,-5,52,57,2.5,2.5,0.0,0,0
593,4,325,453,128,2.0,3.5,1.5,0,0
594,6,515,421,-94,4.5,5.0,0.5,0,0
595,5,-44,607,651,2.0,4.0,2.0,0,0
596,4,54,628,574,2.5,4.0,1.5,0,1
597,4,321,654,333,4.0,4.0,0.0,1,1
598,5,323,3233,2910,2.5,4.0,1.5,0,0
599,4,232,189,-43,4.0,3.0,-1.0,1,0
600,5,2498,1581,-917,5.0,4.0,-1.0,1,0
601,6,283,-204,-487,4.5,1.5,-3.0,0,0
602,4,298,536,238,4.0,3.0,-1.0,1,0
603,6,433,-610,-1043,4.5,2.0,-2.5,0,0
604,6,730,-170,-900,4.5,3.5,-1.0,0,0
605,4,691,96,-595,3.0,3.5,0.5,0,0
606,5,302,693,391,3.5,5.0,1.5,0,1
607,6,-5,408,413,3.5,5.0,1.5,0,0
608,5,959,224,-735,5.0,4.0,-1.0,1,0
609,5,221,654,433,3.0,3.0,0.0,0,0
610,5,427,404,-23,4.5,4.0,-0.5,0,0
611,6,395,622,227,4.5,5.0,0.5,0,0
612,4,233,-9,-242,2.5,2.5,0.0,0,0
613,6,475,474,-1,5.5,5.5,0.0,0,0
614,5,300,825,525,4.5,5.0,0.5,0,1
615,5,359,366,7,4.0,3.0,-1.0,0,0
616,5,255,-243,-498,3.0,1.0,-2.0,0,0
617,5,842,2496,1654,3.0,3.0,0.0,0,0
618,5,116,445,329,3.0,5.0,2.0,0,1
619,4,567,222,-345,3.0,1.5,-1.5,0,0
620,5,316,759,443,3.0,3.0,0.0,0,0
621,4,212,453,241,3.5,2.5,-1.0,0,0
622,6,845,649,-196,5.0,3.0,-2.0,0,0
623,4,374,455,81,3.5,4.0,0.5,0,1
624,5,-129,182,311,2.5,5.0,2.5,0,1
625,6,-66,-313,-247,3.5,3.0,-0.5,0,0
626,5,434,441,7,3.0,5.0,2.0,0,1
627,5,-220,-71,149,1.0,3.0,2.0,0,0
628,4,-159,348,507,3.0,4.0,1.0,0,1
629,5,466,-232,-698,5.0,1.5,-3.5,1,0
630,6,785,551,-234,6.0,6.0,0.0,1,1
631,5,796,107,-689,5.0,4.0,-1.0,1,0
632,5,294,171,-123,5.0,3.5,-1.5,1,0
633,5,3844,3479,-365,5.0,4.0,-1.0,1,0
634,5,518,438,-80,5.0,5.0,0.0,1,1
635,4,-87,-29,58,2.5,3.0,0.5,0,0
636,5,634,586,-48,5.0,5.0,0.0,1,1
637,4,300,463,163,2.0,4.0,2.0,0,1
638,4,1075,948,-127,4.0,3.0,-1.0,1,0
639,5,3711,3121,-590,5.0,5.0,0.0,1,1
640,6,276,707,431,1.0,3.0,2.0,0,0
641,5,-263,18,281,2.0,2.0,0.0,0,0
642,4,70,5,-65,1.0,3.0,2.0,0,0
643,5,-53,-140,-87,3.0,2.0,-1.0,0,0
644,4,611,-5,-616,3.5,4.0,0.5,0,1
645,5,1606,1228,-378,5.0,5.0,0.0,1,1
646,4,52,-273,-325,3.0,3.0,0.0,0,0
647,4,332,913,581,3.0,3.0,0.0,0,0
648,6,445,741,296,4.5,6.0,1.5,0,1
649,6,404,251,-153,5.0,4.0,-1.0,0,0
650,5,949,-146,-1095,3.5,1.0,-2.5,0,0
651,5,51,233,182,1.0,3.0,2.0,0,0
652,6,1333,1707,374,4.0,4.0,0.0,0,0
653,4,709,446,-263,3.5,3.0,-0.5,0,0
654,6,3344,2507,-837,5.0,4.5,-0.5,0,0
655,5,-424,66,490,1.0,1.5,0.5,0,0
656,5,-67,211,278,3.5,3.0,-0.5,0,0
657,6,367,-441,-808,5.5,3.0,-2.5,0,0
658,5,592,464,-128,4.0,3.5,-0.5,0,0
659,5,554,35,-519,3.5,3.0,-0.5,0,0
660,5,743,864,121,5.0,5.0,0.0,1,1
661,6,43,-31,-74,3.0,3.0,0.0,0,0
662,5,-200,383,583,3.0,3.5,0.5,0,0
663,6,17,-178,-195,3.0,3.0,0.0,0,0
664,5,-301,-230,71,1.0,2.5,1.5,0,0
665,5,1502,1052,-450,5.0,4.0,-1.0,1,0
666,6,-932,328,1260,2.0,4.0,2.0,0,0
667,4,1228,214,-1014,4.0,2.5,-1.5,1,0
668,5,11,2024,2013,2.0,3.5,1.5,0,0
669,5,1529,1712,183,2.5,4.5,2.0,0,0
670,5,-91,-105,-14,2.0,3.5,1.5,0,0
671,5,321,559,238,4.0,4.0,0.0,0,0
672,6,596,962,366,5.0,6.0,1.0,0,1
673,5,1097,487,-610,2.5,2.0,-0.5,0,0
674,5,347,299,-48,3.5,3.0,-0.5,0,0
675,6,82,618,536,1.5,6.0,4.5,0,1
676,5,-144,733,877,1.0,3.5,2.5,0,0
677,5,1094,1621,527,4.0,3.5,-0.5,0,0
678,5,527,605,78,4.0,5.0,1.0,0,1
679,4,708,362,-346,3.0,3.5,0.5,0,0
680,5,758,1615,857,5.0,5.0,0.0,1,1
681,4,322,677,355,3.0,4.0,1.0,0,1
682,6,-768,-899,-131,2.0,1.5,-0.5,0,0
683,6,3031,423,-2608,4.5,3.0,-1.5,0,0
684,5,1980,1168,-812,3.5,2.5,-1.0,0,0
685,4,113,261,148,4.0,4.0,0.0,1,1
686,6,1121,1215,94,5.0,5.0,0.0,0,0
687,5,2735,2256,-479,3.5,2.5,-1.0,0,0
688,5,290,841,551,4.0,5.0,1.0,0,1
689,5,2600,2621,21,4.0,5.0,1.0,0,1
690,5,923,686,-237,3.0,5.0,2.0,0,1
691,4,1116,293,-823,4.0,2.5,-1.5,1,0
692,6,756,990,234,4.0,4.0,0.0,0,0
693,5,5504,4495,-1009,5.0,5.0,0.0,1,1
694,5,622,43,-579,5.0,4.5,-0.5,1,0
695,5,5662,4966,-696,5.0,5.0,0.0,1,1
696,5,-723,-452,271,2.0,2.0,0.0,0,0
697,5,-143,342,485,4.0,5.0,1.0,0,1
698,6,-98,411,509,3.0,6.0,3.0,0,1
699,5,779,1852,1073,5.0,5.0,0.0,1,1
700,6,1151,1812,661,4.0,6.0,2.0,0,1
701,5,-151,407,558,2.5,5.0,2.5,0,1
702,4,707,976,269,2.0,3.5,1.5,0,0
703,5,968,362,-606,5.0,4.0,-1.0,1,0
704,5,582,1325,743,4.0,5.0,1.0,0,1
705,4,962,808,-154,3.0,3.0,0.0,0,0
706,5,1273,1098,-175,5.0,4.0,-1.0,1,0
707,5,-167,-282,-115,3.0,4.0,1.0,0,0
708,6,280,-71,-351,3.5,3.0,-0.5,0,0
709,5,373,278,-95,4.5,2.5,-2.0,0,0
710,5,643,838,195,4.0,5.0,1.0,0,1
711,5,681,777,96,5.0,5.0,0.0,1,1
712,5,717,1117,400,5.0,5.0,0.0,1,1
713,5,-190,-315,-125,1.5,2.0,0.5,0,0
714,5,444,1257,813,4.0,5.0,1.0,0,1
715,6,944,186,-758,5.0,5.0,0.0,0,0
716,4,-249,319,568,2.5,2.5,0.0,0,0
717,5,765,1229,464,4.0,5.0,1.0,0,1
718,5,-360,-422,-62,2.0,3.0,1.0,0,0
719,5,679,958,279,4.0,4.0,0.0,0,0
720,5,4250,3924,-326,5.0,4.0,-1.0,1,0
721,6,694,2771,2077,4.0,6.0,2.0,0,1
722,6,195,558,363,3.0,5.0,2.0,0,0
723,4,270,267,-3,3.0,3.5,0.5,0,0
724,5,262,488,226,4.0,3.5,-0.5,0,0
725,4,114,594,480,4.0,4.0,0.0,1,1
726,5,1707,1856,149,5.0,4.0,-1.0,1,0
727,5,805,-402,-1207,5.0,3.0,-2.0,1,0
728,5,554,474,-80,5.0,5.0,0.0,1,1
729,5,229,559,330,4.0,4.0,0.0,0,0
730,6,1866,1953,87,3.0,4.5,1.5,0,0
731,5,478,1374,896,5.0,5.0,0.0,1,1
732,5,-482,475,957,2.0,4.0,2.0,0,0
733,4,77,1156,1079,1.5,4.0,2.5,0,1
734,4,556,218,-338,3.0,3.5,0.5,0,0
735,5,2008,-714,-2722,2.0,2.0,0.0,0,0
736,5,3000,1930,-1070,4.0,5.0,1.0,0,1
737,6,255,-61,-316,4.0,1.5,-2.5,0,0
738,5,690,628,-62,5.0,3.0,-2.0,1,0
739,6,302,361,59,6.0,4.0,-2.0,1,0
740,5,181,-63,-244,4.5,4.0,-0.5,0,0
741,5,130,388,258,2.5,5.0,2.5,0,1
742,6,552,-71,-623,5.0,4.0,-1.0,0,0
743,4,789,618,-171,4.0,3.5,-0.5,1,0
744,5,303,497,194,4.0,3.0,-1.0,0,0
745,5,1290,2449,1159,2.5,4.0,1.5,0,0
746,6,618,1165,547,4.0,4.0,0.0,0,0
747,4,-13,-160,-147,2.5,2.0,-0.5,0,0
748,5,681,859,178,3.0,4.0,1.0,0,0
749,4,412,21,-391,4.0,1.0,-3.0,1,0
750,5,183,480,297,5.0,4.5,-0.5,1,0
751,5,-27,12,39,3.0,2.0,-1.0,0,0
752,4,-99,1715,1814,1.5,4.0,2.5,0,1
753,5,468,72,-396,4.0,1.0,-3.0,0,0
754,5,50,235,185,3.5,3.0,-0.5,0,0
755,6,-61,-103,-42,3.0,3.0,0.0,0,0
756,5,1229,1006,-223,5.0,3.0,-2.0,1,0
757,5,-68,-564,-496,3.0,3.0,0.0,0,0
758,6,546,701,155,4.0,4.5,0.5,0,0
759,5,1455,1605,150,5.0,5.0,0.0,1,1
760,5,-624,336,960,3.0,4.5,1.5,0,0
761,5,56,-630,-686,5.0,3.0,-2.0,1,0
762,5,884,770,-114,5.0,5.0,0.0,1,1
763,5,695,849,154,5.0,4.5,-0.5,1,0
764,6,-178,205,383,2.0,4.0,2.0,0,0
765,5,1190,1136,-54,5.0,5.0,0.0,1,1
766,5,-470,-582,-112,1.0,2.0,1.0,0,0
767,5,-373,405,778,2.5,4.0,1.5,0,0
768,5,321,336,15,5.0,3.5,-1.5,1,0
769,6,905,1260,355,5.5,6.0,0.5,0,1
770,5,649,171,-478,4.0,3.5,-0.5,0,0
771,5,217,200,-17,3.0,2.5,-0.5,0,0
772,4,489,206,-283,3.5,4.0,0.5,0,1
773,5,137,-70,-207,4.5,1.0,-3.5,0,0
774,4,260,686,426,4.0,4.0,0.0,1,1
775,6,506,676,170,5.0,6.0,1.0,0,1
776,4,539,138,-401,2.0,3.0,1.0,0,0
777,4,1548,1023,-525,4.0,4.0,0.0,1,1
778,4,352,504,152,3.0,4.0,1.0,0,1
779,6,736,460,-276,6.0,4.0,-2.0,1,0
780,4,856,-256,-1112,4.0,1.0,-3.0,1,0
781,6,508,600,92,6.0,6.0,0.0,1,1
782,4,104,-54,-158,2.0,1.0,-1.0,0,0
783,4,1138,732,-406,4.0,4.0,0.0,1,1
784,5,-162,86,248,3.0,3.0,0.0,0,0
785,5,546,190,-356,4.5,2.0,-2.5,0,0
786,4,2635,2788,153,4.0,4.0,0.0,1,1
787,5,498,546,48,5.0,5.0,0.0,1,1
788,4,356,152,-204,2.5,4.0,1.5,0,1
789,4,352,825,473,3.0,4.0,1.0,0,1
790,5,940,1402,462,5.0,5.0,0.0,1,1
791,5,308,-199,-507,2.5,1.0,-1.5,0,0
792,6,704,815,111,4.5,4.5,0.0,0,0
793,5,-1818,-1002,816,2.0,2.0,0.0,0,0
794,5,756,917,161,4.5,5.0,0.5,0,1
795,4,600,616,16,3.5,4.0,0.5,0,1
796,5,273,-85,-358,2.0,1.0,-1.0,0,0
797,6,-643,-1014,-371,2.0,2.0,0.0,0,0
798,4,-207,270,477,1.5,3.0,1.5,0,0
799,5,563,1015,452,4.5,4.5,0.0,0,0
800,4,122,85,-37,2.5,2.0,-0.5,0,0
801,5,519,1372,853,5.0,5.0,0.0,1,1
802,6,-171,-569,-398,3.0,2.0,-1.0,0,0
803,5,407,231,-176,3.0,4.0,1.0,0,0
804,6,142,435,293,4.0,6.0,2.0,0,1
805,6,-76,-79,-3,4.5,5.0,0.5,0,0
806,4,-275,260,535,2.0,3.0,1.0,0,0
807,6,965,1001,36,4.0,5.0,1.0,0,0
808,5,1354,351,-1003,5.0,5.0,0.0,1,1
809,5,-110,-970,-860,1.5,2.0,0.5,0,0
810,5,327,1308,981,2.0,5.0,3.0,0,1
811,6,-87,-306,-219,4.0,4.5,0.5,0,0
812,5,885,1199,314,5.0,5.0,0.0,1,1
813,6,333,540,207,6.0,6.0,0.0,1,1
814,6,884,1107,223,5.0,6.0,1.0,0,1
815,6,193,637,444,4.0,6.0,2.0,0,1
816,6,798,437,-361,5.5,5.0,-0.5,0,0
817,5,-496,434,930,1.0,3.5,2.5,0,0
818,4,797,852,55,4.0,3.5,-0.5,1,0
819,5,699,469,-230,4.0,4.0,0.0,0,0
820,5,569,1262,693,3.5,5.0,1.5,0,1
821,5,605,596,-9,5.0,3.0,-2.0,1,0
822,6,376,240,-136,4.0,4.5,0.5,0,0
823,4,340,-61,-401,2.5,2.5,0.0,0,0
824,4,5,432,427,1.5,4.0,2.5,0,1
825,5,1416,522,-894,5.0,2.0,-3.0,1,0
826,4,-634,1,635,1.0,3.0,2.0,0,0
827,5,435,522,87,5.0,4.0,-1.0,1,0
828,6,897,724,-173,6.0,6.0,0.0,1,1
829,5,1691,1702,11,5.0,5.0,0.0,1,1
830,6,650,899,249,5.5,6.0,0.5,0,1
831,5,623,468,-155,4.0,4.0,0.0,0,0
832,5,1076,692,-384,5.0,4.5,-0.5,1,0
833,5,1140,1090,-50,4.0,4.5,0.5,0,0
834,5,1668,415,-1253,4.0,4.0,0.0,0,0
835,5,961,413,-548,4.5,4.5,0.0,0,0
836,5,262,-143,-405,4.0,2.0,-2.0,0,0
837,5,988,2772,1784,4.0,5.0,1.0,0,1
838,6,720,1592,872,6.0,6.0,0.0,1,1
839,5,-773,-274,499,1.0,2.0,1.0,0,0
840,5,366,924,558,3.0,5.0,2.0,0,1
841,6,102,-388,-490,5.0,4.0,-1.0,0,0
842,6,-27,486,513,2.0,4.0,2.0,0,0
843,5,628,24,-604,3.0,1.5,-1.5,0,0
844,5,703,-95,-798,4.0,2.0,-2.0,0,0
845,6,-77,172,249,3.0,4.0,1.0,0,0
846,4,216,334,118,3.0,4.0,1.0,0,1
847,4,5,10,5,2.0,3.0,1.0,0,0
848,6,-6,42,48,3.0,5.0,2.0,0,0
849,4,876,846,-30,3.5,3.0,-0.5,0,0
850,4,-199,545,744,2.5,3.0,0.5,0,0
851,6,61,171,110,3.0,2.0,-1.0,0,0
852,6,508,1765,1257,3.0,4.5,1.5,0,0
853,4,187,661,474,2.5,4.0,1.5,0,1
854,5,127,1059,932,4.0,5.0,1.0,0,1
855,4,-136,101,237,2.5,2.0,-0.5,0,0
856,6,60,304,244,2.0,4.0,2.0,0,0
857,5,259,417,158,4.5,3.5,-1.0,0,0
858,4,1439,658,-781,4.0,2.0,-2.0,1,0
859,5,902,185,-717,5.0,3.0,-2.0,1,0
860,5,531,874,343,3.0,5.0,2.0,0,1
861,4,7,105,98,4.0,4.0,0.0,1,1
862,5,386,172,-214,5.0,3.0,-2.0,1,0
863,5,530,1172,642,5.0,5.0,0.0,1,1
864,5,159,35,-124,2.0,1.5,-0.5,0,0
865,5,637,1167,530,4.0,5.0,1.0,0,1
866,5,-65,-50,15,3.0,2.5,-0.5,0,0
867,4,-98,-478,-380,1.5,1.0,-0.5,0,0
868,4,-310,-103,207,2.5,1.5,-1.0,0,0
869,5,-289,-6,283,4.0,3.0,-1.0,0,0
870,5,1630,2115,485,4.0,3.0,-1.0,0,0
871,5,1831,1736,-95,5.0,5.0,0.0,1,1
872,4,586,689,103,4.0,4.0,0.0,1,1
873,4,-101,-428,-327,2.0,1.5,-0.5,0,0
874,5,-86,73,159,1.0,3.5,2.5,0,0
875,6,894,972,78,6.0,5.5,-0.5,1,0
876,5,1094,75,-1019,3.5,1.0,-2.5,0,0
877,5,418,516,98,4.0,4.0,0.0,0,0
878,4,530,684,154,4.0,4.0,0.0,1,1
879,6,243,626,383,3.0,3.0,0.0,0,0
880,4,7,-294,-301,2.0,1.5,-0.5,0,0
881,5,239,447,208,2.5,3.0,0.5,0,0
882,4,920,848,-72,4.0,4.0,0.0,1,1
883,5,-88,370,458,3.0,5.0,2.0,0,1
884,5,2430,2957,527,4.5,3.0,-1.5,0,0
885,5,244,569,325,2.0,5.0,3.0,0,1
886,5,-68,20,88,3.5,4.0,0.5,0,0
887,5,40,778,738,2.0,5.0,3.0,0,1
888,5,247,-640,-887,4.0,4.0,0.0,0,0
889,5,-55,1000,1055,5.0,5.0,0.0,1,1
890,4,-143,-420,-277,2.5,2.0,-0.5,0,0
891,5,849,454,-395,5.0,5.0,0.0,1,1
892,5,12,938,926,1.0,4.0,3.0,0,0
893,5,-218,192,410,3.0,3.0,0.0,0,0
894,5,-1116,-690,426,1.5,2.5,1.0,0,0
895,4,971,-117,-1088,4.0,2.0,-2.0,1,0
896,5,581,-167,-748,5.0,4.0,-1.0,1,0
897,4,413,459,46,3.5,4.0,0.5,0,1
898,4,609,1077,468,4.0,4.0,0.0,1,1
899,5,-1165,-831,334,1.0,1.0,0.0,0,0
900,4,209,43,-166,3.5,2.0,-1.5,0,0
901,5,36,-41,-77,1.0,2.0,1.0,0,0
902,5,965,1421,456,4.0,5.0,1.0,0,1
903,4,1053,378,-675,4.0,4.0,0.0,1,1
904,6,879,-49,-928,5.0,3.5,-1.5,0,0
905,4,718,243,-475,4.0,3.0,-1.0,1,0
906,6,1653,1003,-650,6.0,6.0,0.0,1,1
907,5,709,886,177,5.0,5.0,0.0,1,1
908,6,136,1579,1443,1.5,6.0,4.5,0,1
909,5,-393,313,706,2.5,5.0,2.5,0,1
910,4,1057,18,-1039,2.5,2.5,0.0,0,0
911,6,40,639,599,3.0,4.0,1.0,0,0
912,5,235,-584,-819,3.0,2.5,-0.5,0,0
913,4,262,-3,-265,2.0,3.0,1.0,0,0
914,4,-45,-430,-385,2.0,1.0,-1.0,0,0
915,5,-254,-471,-217,1.5,1.5,0.0,0,0
916,5,-146,-444,-298,3.0,2.0,-1.0,0,0
917,5,410,649,239,3.5,3.0,-0.5,0,0
918,6,-392,-842,-450,5.0,1.5,-3.5,0,0
919,5,824,775,-49,5.0,4.0,-1.0,1,0
920,5,109,353,244,2.5,3.0,0.5,0,0
921,4,378,1009,631,3.5,3.5,0.0,0,0
922,5,19,-240,-259,2.0,2.0,0.0,0,0
923,4,-168,273,441,2.5,1.0,-1.5,0,0
924,6,625,547,-78,6.0,6.0,0.0,1,1
925,6,-37,-47,-10,3.5,3.0,-0.5,0,0
926,5,884,1772,888,2.0,4.0,2.0,0,0
927,4,687,359,-328,4.0,3.0,-1.0,1,0
928,4,909,1131,222,4.0,4.0,0.0,1,1
929,5,-160,97,257,2.0,3.0,1.0,0,0
930,4,202,152,-50,4.0,3.0,-1.0,1,0
931,4,-132,636,768,2.5,3.0,0.5,0,0
932,5,537,861,324,4.0,5.0,1.0,0,1
933,4,254,704,450,3.0,3.0,0.0,0,0
934,6,46,133,87,4.0,3.0,-1.0,0,0
935,6,658,-293,-951,3.5,2.5,-1.0,0,0
936,5,921,822,-99,5.0,5.0,0.0,1,1
937,5,-324,109,433,3.5,4.5,1.0,0,0
938,5,-476,213,689,2.5,2.5,0.0,0,0
939,5,165,-78,-243,3.0,2.0,-1.0,0,0
940,4,531,391,-140,4.0,3.5,-0.5,1,0
941,6,1810,2832,1022,4.0,6.0,2.0,0,1
942,5,470,-40,-510,5.0,2.0,-3.0,1,0
943,6,1565,1511,-54,6.0,3.5,-2.5,1,0
944,4,542,372,-170,3.5,2.5,-1.0,0,0
945,5,287,1258,971,2.5,5.0,2.5,0,1
946,4,119,-39,-158,2.0,3.0,1.0,0,0
947,4,981,876,-105,3.0,4.0,1.0,0,1
948,5,1173,1394,221,5.0,5.0,0.0,1,1
949,5,1443,1339,-104,5.0,5.0,0.0,1,1
950,5,1000,589,-411,2.5,3.0,0.5,0,0
951,5,269,190,-79,3.0,3.5,0.5,0,0
952,4,-127,-48,79,3.0,3.0,0.0,0,0
953,5,-203,1578,1781,2.0,3.5,1.5,0,0
954,6,969,361,-608,3.5,4.0,0.5,0,0
955,5,236,766,530,4.0,5.0,1.0,0,1
956,4,-1513,403,1916,1.0,4.0,3.0,0,1
957,4,-37,418,455,3.0,3.5,0.5,0,0
958,4,303,1148,845,3.0,4.0,1.0,0,1
959,4,518,1021,503,3.5,4.0,0.5,0,1
960,5,611,20,-591,4.0,3.0,-1.0,0,0
961,4,-344,-610,-266,1.0,2.0,1.0,0,0
962,5,441,-71,-512,5.0,2.5,-2.5,1,0
963,6,-442,449,891,1.5,5.0,3.5,0,0
964,4,397,182,-215,3.5,4.0,0.5,0,1
965,5,602,886,284,5.0,5.0,0.0,1,1
966,6,1565,274,-1291,6.0,3.5,-2.5,1,0
967,4,228,785,557,3.0,3.5,0.5,0,0
968,5,167,-91,-258,4.0,3.0,-1.0,0,0
969,5,540,312,-228,2.5,2.5,0.0,0,0
970,6,376,467,91,2.0,4.5,2.5,0,0
971,5,-4,-387,-383,3.0,2.0,-1.0,0,0
972,4,-359,84,443,2.0,2.5,0.5,0,0
973,6,548,2023,1475,5.5,5.5,0.0,0,0
974,5,1570,735,-835,5.0,5.0,0.0,1,1
975,5,-185,613,798,3.5,4.0,0.5,0,0
976,6,-149,1444,1593,2.0,4.0,2.0,0,0
977,5,2049,2168,119,5.0,3.0,-2.0,1,0
978,4,4608,3859,-749,4.0,4.0,0.0,1,1
979,5,757,511,-246,3.5,4.5,1.0,0,0
980,5,38,420,382,2.0,3.5,1.5,0,0
981,4,-713,-439,274,1.0,1.0,0.0,0,0
982,6,408,1571,1163,5.0,6.0,1.0,0,1
983,4,-21,-353,-332,4.0,4.0,0.0,1,1
984,5,2258,697,-1561,5.0,4.0,-1.0,1,0
985,5,626,812,186,3.5,5.0,1.5,0,1
986,5,270,-439,-709,5.0,2.0,-3.0,1,0
987,5,-390,835,1225,3.0,4.0,1.0,0,0
988,5,74,392,318,3.0,3.0,0.0,0,0
989,5,1160,419,-741,5.0,2.5,-2.5,1,0
990,6,-360,285,645,1.0,4.5,3.5,0,0
991,6,-229,-307,-78,2.5,4.0,1.5,0,0
992,5,-136,223,359,1.5,3.5,2.0,0,0
993,5,86,-88,-174,3.0,2.0,-1.0,0,0
994,4,544,531,-13,4.0,4.0,0.0,1,1
995,5,687,949,262,2.0,4.5,2.5,0,0
996,4,90,453,363,2.5,2.0,-0.5,0,0
997,6,2025,1386,-639,4.5,3.5,-1.0,0,0
998,5,524,219,-305,5.0,5.0,0.0,1,1
999,6,-225,453,678,1.0,3.5,2.5,0,0
1000,5,-10,310,320,3.0,4.5,1.5,0,0
1001,5,155,540,385,4.5,5.0,0.5,0,1
1002,5,509,658,149,4.0,4.0,0.0,0,0
1003,6,613,264,-349,5.0,5.5,0.5,0,0
1004,5,272,-159,-431,2.0,3.0,1.0,0,0
1005,5,267,-347,-614,3.5,2.0,-1.5,0,0
1006,6,1892,1380,-512,3.0,2.0,-1.0,0,0
1007,5,-9,68,77,4.0,3.5,-0.5,0,0
1008,5,1440,-304,-1744,5.0,1.0,-4.0,1,0
1009,5,2545,3167,622,5.0,5.0,0.0,1,1
1010,5,-334,1135,1469,2.0,3.5,1.5,0,0
1011,5,-414,-158,256,2.0,1.0,-1.0,0,0
1012,5,2230,1387,-843,5.0,5.0,0.0,1,1
1013,5,230,916,686,3.5,5.0,1.5,0,1
1014,5,36,-128,-164,4.0,3.0,-1.0,0,0
1015,6,625,807,182,4.5,5.0,0.5,0,0
1016,4,877,542,-335,4.0,3.5,-0.5,1,0
1017,6,-78,230,308,4.0,4.0,0.0,0,0
1018,6,283,386,103,6.0,4.0,-2.0,1,0
1019,6,697,511,-186,6.0,4.0,-2.0,1,0
1020,5,310,132,-178,3.5,4.0,0.5,0,0
1021,6,378,567,189,1.5,5.0,3.5,0,0
1022,4,-115,-442,-327,1.5,1.5,0.0,0,0
1023,4,510,533,23,4.0,4.0,0.0,1,1
1024,4,197,-69,-266,4.0,1.5,-2.5,1,0
1025,5,210,416,206,3.0,5.0,2.0,0,1
1026,6,723,141,-582,5.0,4.0,-1.0,0,0
1027,6,2307,2709,402,5.0,6.0,1.0,0,1
1028,5,26,-483,-509,3.0,1.5,-1.5,0,0
1029,4,740,987,247,4.0,4.0,0.0,1,1
1030,6,1498,2490,992,4.0,5.0,1.0,0,0
1031,5,1133,701,-432,5.0,5.0,0.0,1,1
1032,4,418,850,432,3.0,4.0,1.0,0,1
1033,5,-200,-488,-288,3.0,3.0,0.0,0,0
1034,6,-290,-66,224,2.0,2.0,0.0,0,0
1035,4,1549,813,-736,3.5,4.0,0.5,0,1
1036,6,535,571,36,5.0,5.5,0.5,0,0
1037,5,-12,-456,-444,3.0,2.5,-0.5,0,0
1038,5,690,685,-5,2.5,4.0,1.5,0,0
1039,4,1010,1589,579,4.0,4.0,0.0,1,1
1040,4,836,985,149,4.0,4.0,0.0,1,1
1041,6,168,-352,-520,3.5,4.0,0.5,0,0
1042,4,471,1223,752,4.0,4.0,0.0,1,1
1043,6,2952,2051,-901,5.5,4.5,-1.0,0,0
1044,4,123,411,288,3.0,3.5,0.5,0,0
1045,6,-506,955,1461,2.0,2.0,0.0,0,0
1046,4,303,655,352,3.0,3.0,0.0,0,0
1047,5,649,666,17,5.0,5.0,0.0,1,1
1048,5,-489,-107,382,2.0,1.0,-1.0,0,0
1049,4,2171,386,-1785,4.0,3.0,-1.0,1,0
1050,6,394,600,206,5.0,6.0,1.0,0,1
1051,5,23,798,775,1.0,5.0,4.0,0,1
1052,6,105,122,17,3.0,4.5,1.5,0,0
1053,6,203,254,51,6.0,4.0,-2.0,1,0
1054,5,816,876,60,4.5,4.0,-0.5,0,0
1055,5,690,860,170,3.0,4.0,1.0,0,0
1056,5,86,9,-77,4.0,2.5,-1.5,0,0
1057,5,-599,399,998,1.0,4.0,3.0,0,0
1058,6,1434,3566,2132,4.0,5.0,1.0,0,0
1059,4,-182,451,633,3.0,2.5,-0.5,0,0
1060,5,463,492,29,4.0,4.0,0.0,0,0
1061,5,1078,1473,395,4.0,5.0,1.0,0,1
1062,4,-399,-119,280,1.5,3.0,1.5,0,0
1063,5,909,-42,-951,5.0,2.5,-2.5,1,0
1064,5,1433,1102,-331,5.0,5.0,0.0,1,1
1065,5,601,182,-419,3.0,2.0,-1.0,0,0
1066,5,0,1141,1141,3.0,5.0,2.0,0,1
1067,5,-156,-477,-321,3.0,2.0,-1.0,0,0
1068,5,-134,218,352,2.5,3.5,1.0,0,0
1069,5,-36,125,161,4.0,2.0,-2.0,0,0
1070,4,234,549,315,2.0,4.0,2.0,0,1
1071,6,1048,2015,967,4.0,6.0,2.0,0,1
1072,4,1324,1180,-144,4.0,3.0,-1.0,1,0
1073,5,516,218,-298,4.5,3.0,-1.5,0,0
1074,6,2417,2637,220,3.5,3.0,-0.5,0,0
1075,5,797,1077,280,5.0,5.0,0.0,1,1
1076,5,372,575,203,3.5,3.0,-0.5,0,0
1077,5,234,503,269,3.0,4.5,1.5,0,0
1078,5,1749,572,-1177,5.0,3.5,-1.5,1,0
1079,5,-110,524,634,3.0,4.5,1.5,0,0
1080,6,641,466,-175,6.0,4.0,-2.0,1,0
1081,4,595,6,-589,3.0,2.0,-1.0,0,0
1082,6,11,501,490,3.5,6.0,2.5,0,1
1083,6,749,538,-211,6.0,6.0,0.0,1,1
1084,6,-117,-9,108,3.0,4.0,1.0,0,0
1085,4,878,-6,-884,4.0,1.0,-3.0,1,0
1086,5,679,1146,467,5.0,5.0,0.0,1,1
1087,6,-1095,78,1173,3.0,4.0,1.0,0,0
1088,6,169,629,460,4.0,5.0,1.0,0,0
1089,6,1751,3542,1791,4.0,6.0,2.0,0,1
1090,4,991,384,-607,4.0,2.0,-2.0,1,0
1091,4,-390,-466,-76,1.0,1.0,0.0,0,0
1092,6,1600,1216,-384,6.0,6.0,0.0,1,1
1093,5,-51,12,63,3.5,3.5,0.0,0,0
1094,5,366,903,537,5.0,5.0,0.0,1,1
1095,5,-94,-80,14,4.0,4.0,0.0,0,0
1096,5,639,547,-92,5.0,5.0,0.0,1,1
1097,5,924,819,-105,4.5,4.0,-0.5,0,0
1098,5,209,322,113,4.0,3.0,-1.0,0,0
1099,6,-475,-101,374,2.0,3.5,1.5,0,0
1100,5,386,230,-156,5.0,4.0,-1.0,1,0
1101,6,567,610,43,5.0,6.0,1.0,0,1
1102,6,112,24,-88,3.0,3.5,0.5,0,0
1103,5,-231,320,551,2.5,5.0,2.5,0,1
1104,4,-125,373,498,1.5,4.0,2.5,0,1
1105,5,-1,703,704,4.0,5.0,1.0,0,1
1106,5,-737,258,995,2.0,4.0,2.0,0,0
1107,5,1266,-229,-1495,5.0,2.0,-3.0,1,0
1108,4,15,386,371,1.5,4.0,2.5,0,1
1109,5,1399,220,-1179,5.0,3.0,-2.0,1,0
1110,4,-104,150,254,2.0,3.5,1.5,0,0
1111,5,-929,-542,387,1.0,1.5,0.5,0,0
1112,5,930,1086,156,4.0,5.0,1.0,0,1
1113,5,491,395,-96,4.5,5.0,0.5,0,1
1114,4,47,-123,-170,2.0,2.0,0.0,0,0
1115,6,49,-741,-790,3.0,1.5,-1.5,0,0
1116,5,-331,-264,67,2.5,3.0,0.5,0,0
1117,6,654,902,248,5.0,6.0,1.0,0,1
1118,5,-12,270,282,3.5,3.0,-0.5,0,0
1119,6,1031,1031,0,5.0,6.0,1.0,0,1
1120,5,-295,-199,96,2.5,2.0,-0.5,0,0
1121,6,67,-387,-454,3.5,2.0,-1.5,0,0
1122,4,505,495,-10,4.0,4.0,0.0,1,1
1123,4,317,-145,-462,3.0,1.0,-2.0,0,0
1124,6,3218,4245,1027,5.0,6.0,1.0,0,1
1125,5,-13,-4,9,4.0,2.0,-2.0,0,0
1126,5,1231,1414,183,5.0,5.0,0.0,1,1
1127,4,573,531,-42,3.5,4.0,0.5,0,1
1128,5,758,979,221,4.0,4.5,0.5,0,0
1129,6,404,701,297,2.0,5.5,3.5,0,0
1130,5,111,-180,-291,3.5,2.0,-1.5,0,0
1131,4,831,373,-458,3.0,3.0,0.0,0,0
1132,5,1011,863,-148,5.0,4.5,-0.5,1,0
1133,5,-712,-421,291,2.0,2.0,0.0,0,0
1134,5,-181,200,381,3.0,3.5,0.5,0,0
1135,4,-669,-681,-12,1.5,1.0,-0.5,0,0
1136,4,1251,822,-429,4.0,3.5,-0.5,1,0
1137,5,209,-399,-608,4.0,1.5,-2.5,0,0
1138,6,957,280,-677,3.5,4.0,0.5,0,0
1139,5,168,-4,-172,3.5,3.0,-0.5,0,0
1140,5,2326,1429,-897,4.0,4.0,0.0,0,0
1141,5,91,828,737,3.0,5.0,2.0,0,1
1142,6,716,705,-11,6.0,6.0,0.0,1,1
1143,6,514,501,-13,4.5,4.5,0.0,0,0
1144,6,963,1244,281,3.0,5.0,2.0,0,0
1145,6,2848,4479,1631,5.5,6.0,0.5,0,1
1146,5,1124,2492,1368,3.5,5.0,1.5,0,1
1147,6,-466,53,519,2.5,3.0,0.5,0,0
1148,5,681,1739,1058,3.0,4.0,1.0,0,0
1149,4,652,-32,-684,3.0,1.0,-2.0,0,0
1150,5,1063,-429,-1492,4.0,2.0,-2.0,0,0
1151,5,537,375,-162,4.5,3.5,-1.0,0,0
1152,5,526,917,391,3.0,5.0,2.0,0,1
1153,4,65,81,16,2.0,3.0,1.0,0,0
1154,4,-440,467,907,1.0,2.0,1.0,0,0
1155,6,378,157,-221,5.0,5.0,0.0,0,0
1156,6,-770,812,1582,1.0,4.0,3.0,0,0
1157,5,1828,3149,1321,5.0,5.0,0.0,1,1
1158,5,-629,-479,150,3.5,1.5,-2.0,0,0
1159,4,103,338,235,3.0,4.0,1.0,0,1
1160,5,755,267,-488,4.0,4.0,0.0,0,0
1161,6,571,1076,505,5.0,6.0,1.0,0,1
1162,6,642,315,-327,5.0,6.0,1.0,0,1
1163,5,407,107,-300,3.0,5.0,2.0,0,1
1164,6,-629,-615,14,3.0,3.5,0.5,0,0
1165,5,1161,1472,311,5.0,5.0,0.0,1,1
1166,5,610,-212,-822,3.5,3.0,-0.5,0,0
1167,6,253,79,-174,5.0,5.0,0.0,0,0
1168,6,-108,-90,18,4.0,3.0,-1.0,0,0
1169,5,-432,-292,140,2.5,2.0,-0.5,0,0
1170,4,1747,2105,358,4.0,3.5,-0.5,1,0
1171,5,237,349,112,3.5,4.0,0.5,0,0
1172,4,469,805,336,3.0,2.5,-0.5,0,0
1173,5,753,1440,687,4.5,5.0,0.5,0,1
1174,6,518,-82,-600,4.5,5.0,0.5,0,0
1175,6,132,82,-50,5.0,5.0,0.0,0,0
1176,5,2324,2238,-86,5.0,5.0,0.0,1,1
1177,5,576,439,-137,5.0,5.0,0.0,1,1
1178,5,-335,-133,202,1.0,1.0,0.0,0,0
1179,5,296,1105,809,2.0,4.0,2.0,0,0
1180,6,62,720,658,3.5,6.0,2.5,0,1
1181,4,-311,21,332,2.5,3.0,0.5,0,0
1182,4,-170,96,266,2.5,1.0,-1.5,0,0
1183,5,656,734,78,5.0,5.0,0.0,1,1
1184,5,1315,1305,-10,4.0,5.0,1.0,0,1
1185,4,696,868,172,3.5,3.0,-0.5,0,0
1186,5,-600,-604,-4,1.5,1.0,-0.5,0,0
1187,4,817,956,139,4.0,4.0,0.0,1,1
1188,4,2484,1439,-1045,4.0,4.0,0.0,1,1
1189,5,382,-38,-420,4.0,3.0,-1.0,0,0
1190,5,447,235,-212,5.0,4.0,-1.0,1,0
1191,4,241,563,322,3.5,3.5,0.0,0,0
1192,4,1221,636,-585,3.5,3.5,0.0,0,0
1193,4,-238,-534,-296,2.0,1.0,-1.0,0,0
1194,4,626,1021,395,3.5,4.0,0.5,0,1
1195,5,11,113,102,3.0,2.0,-1.0,0,0
1196,5,547,575,28,4.5,5.0,0.5,0,1
1197,5,-169,-327,-158,2.0,4.5,2.5,0,0
1198,5,-655,289,944,1.0,4.0,3.0,0,0
1199,6,-66,1726,1792,2.5,6.0,3.5,0,1
1200,5,1030,1407,377,3.5,5.0,1.5,0,1
1201,6,2067,1653,-414,6.0,6.0,0.0,1,1
1202,4,421,242,-179,3.5,3.0,-0.5,0,0
1203,5,1007,706,-301,5.0,4.0,-1.0,1,0
1204,4,3042,2748,-294,3.5,4.0,0.5,0,1
1205,5,1029,167,-862,5.0,2.0,-3.0,1,0
1206,4,642,221,-421,4.0,2.5,-1.5,1,0
1207,5,2176,537,-1639,4.0,3.0,-1.0,0,0
1208,6,-80,203,283,3.5,5.0,1.5,0,0
1209,5,503,696,193,5.0,5.0,0.0,1,1
1210,6,342,1067,725,4.5,5.0,0.5,0,0
1211,5,-99,738,837,4.0,4.0,0.0,0,0
1212,6,601,1059,458,5.0,6.0,1.0,0,1
1213,6,-668,-279,389,1.0,3.0,2.0,0,0
1214,5,1458,2045,587,5.0,5.0,0.0,1,1
1215,4,786,1196,410,3.0,3.5,0.5,0,0
1216,6,296,760,464,2.0,4.0,2.0,0,0
1217,6,626,711,85,3.5,6.0,2.5,0,1
1218,5,-63,651,714,3.0,4.5,1.5,0,0
1219,5,-474,-344,130,4.5,3.0,-1.5,0,0
1220,5,-418,-203,215,1.5,1.0,-0.5,0,0
1221,6,1176,507,-669,5.0,5.0,0.0,0,0
1222,6,2445,5042,2597,5.0,5.0,0.0,0,0
1223,6,83,1560,1477,3.0,6.0,3.0,0,1
1224,6,-319,846,1165,2.5,3.0,0.5,0,0
1225,4,931,221,-710,3.5,1.0,-2.5,0,0
1226,5,511,-27,-538,5.0,3.0,-2.0,1,0
1227,5,182,857,675,3.5,5.0,1.5,0,1
1228,5,173,25,-148,3.5,1.0,-2.5,0,0
1229,5,1381,2704,1323,3.0,5.0,2.0,0,1
1230,6,2477,3855,1378,4.0,5.0,1.0,0,0
1231,4,1784,2990,1206,3.5,4.0,0.5,0,1
1232,5,527,783,256,5.0,5.0,0.0,1,1
1233,6,545,1025,480,4.0,6.0,2.0,0,1
1234,5,3691,3840,149,5.0,3.0,-2.0,1,0
1235,4,-234,-170,64,2.5,3.0,0.5,0,0
1236,5,281,974,693,4.5,4.0,-0.5,0,0
1237,5,-258,-255,3,1.0,2.0,1.0,0,0
1238,6,648,96,-552,5.0,3.0,-2.0,0,0
1239,6,866,2193,1327,3.0,4.5,1.5,0,0
1240,5,-133,107,240,1.0,2.0,1.0,0,0
1241,5,47,-309,-356,3.5,1.5,-2.0,0,0
1242,6,1666,2665,999,2.5,5.0,2.5,0,0
1243,5,-66,112,178,1.5,2.5,1.0,0,0
1244,4,120,-36,-156,1.5,1.0,-0.5,0,0
1245,4,-119,-220,-101,1.5,2.0,0.5,0,0
1246,6,811,456,-355,5.5,3.5,-2.0,0,0
1247,5,-505,286,791,2.0,3.0,1.0,0,0
1248,5,588,152,-436,4.0,3.0,-1.0,0,0
1249,6,912,710,-202,6.0,5.0,-1.0,1,0
1250,6,1993,3234,1241,4.0,5.0,1.0,0,0
1251,6,386,485,99,5.0,6.0,1.0,0,1
1252,5,46,960,914,2.5,4.0,1.5,0,0
1253,6,1778,2038,260,6.0,6.0,0.0,1,1
1254,5,1696,2265,569,2.5,4.0,1.5,0,0
1255,5,583,222,-361,5.0,4.0,-1.0,1,0
1256,4,1604,2932,1328,3.0,3.5,0.5,0,0
1257,5,578,97,-481,4.0,2.0,-2.0,0,0
1258,4,782,471,-311,4.0,3.5,-0.5,1,0
1259,5,2024,2700,676,3.0,4.5,1.5,0,0
1260,5,586,434,-152,5.0,4.5,-0.5,1,0
1261,5,291,120,-171,3.5,4.0,0.5,0,0
1262,4,-64,92,156,2.0,3.0,1.0,0,0
1263,5,-147,441,588,3.5,3.5,0.0,0,0
1264,5,789,202,-587,5.0,4.0,-1.0,1,0
1265,5,480,1506,1026,3.0,5.0,2.0,0,1
1266,4,-164,-19,145,3.0,3.5,0.5,0,0
1267,5,335,929,594,4.0,5.0,1.0,0,1
1268,4,445,669,224,2.0,4.0,2.0,0,1
1269,5,827,306,-521,5.0,3.5,-1.5,1,0
1270,4,896,1019,123,4.0,4.0,0.0,1,1
1271,4,565,1342,777,4.0,4.0,0.0,1,1
1272,5,1315,942,-373,4.5,5.0,0.5,0,1
1273,6,5945,7015,1070,6.0,6.0,0.0,1,1
1274,5,390,1447,1057,4.0,5.0,1.0,0,1
1275,6,311,391,80,3.0,4.0,1.0,0,0
1276,5,880,383,-497,5.0,5.0,0.0,1,1
1277,5,-180,586,766,2.0,4.0,2.0,0,0
1278,5,485,723,238,4.0,3.0,-1.0,0,0
1279,6,1501,1172,-329,6.0,6.0,0.0,1,1
1280,5,-510,-536,-26,1.0,1.0,0.0,0,0
1281,5,-42,132,174,2.5,4.5,2.0,0,0
1282,6,537,2410,1873,3.0,5.0,2.0,0,0
1283,5,631,35,-596,5.0,1.5,-3.5,1,0
1284,5,978,437,-541,4.0,5.0,1.0,0,1
1285,6,1620,1785,165,6.0,6.0,0.0,1,1
1286,6,1226,1411,185,6.0,6.0,0.0,1,1
1287,5,1057,753,-304,4.0,4.5,0.5,0,0
1288,6,1472,1132,-340,6.0,6.0,0.0,1,1
1289,5,364,580,216,4.0,4.0,0.0,0,0
1290,5,1192,2573,1381,4.0,4.0,0.0,0,0
1291,5,369,1,-368,4.0,4.5,0.5,0,0
1292,6,-27,82,109,3.5,3.5,0.0,0,0
1293,4,769,383,-386,4.0,3.5,-0.5,1,0
1294,5,1026,-65,-1091,3.5,2.0,-1.5,0,0
1295,5,-50,51,101,1.5,2.0,0.5,0,0
1296,5,-440,581,1021,1.0,5.0,4.0,0,1
1297,5,420,527,107,3.0,4.0,1.0,0,0
1298,6,56,632,576,4.0,6.0,2.0,0,1
1299,5,837,148,-689,4.0,3.0,-1.0,0,0
1300,5,557,481,-76,3.5,4.0,0.5,0,0
1301,6,24,-38,-62,2.0,4.0,2.0,0,0
1302,5,553,191,-362,5.0,5.0,0.0,1,1
1303,5,1348,2507,1159,3.0,5.0,2.0,0,1
1304,5,54,-48,-102,4.0,3.0,-1.0,0,0
1305,4,1012,211,-801,3.0,3.0,0.0,0,0
1306,5,402,175,-227,3.0,3.0,0.0,0,0
1307,4,283,10,-273,3.5,3.0,-0.5,0,0
1308,6,-268,-1,267,2.5,2.5,0.0,0,0
1309,5,155,587,432,4.0,3.0,-1.0,0,0
1310,5,1020,1296,276,4.0,5.0,1.0,0,1
1311,5,741,308,-433,5.0,5.0,0.0,1,1
1312,5,125,185,60,2.5,2.0,-0.5,0,0
1313,6,496,589,93,2.0,6.0,4.0,0,1
1314,5,1406,2838,1432,3.0,5.0,2.0,0,1
1315,4,-96,-50,46,3.0,2.5,-0.5,0,0
1316,6,870,771,-99,4.0,6.0,2.0,0,1
1317,6,-325,-816,-491,5.0,3.0,-2.0,0,0
1318,5,311,213,-98,5.0,4.0,-1.0,1,0
1319,4,601,-47,-648,4.0,2.0,-2.0,1,0
1320,5,637,588,-49,5.0,4.0,-1.0,1,0
1321,6,55,494,439,4.0,6.0,2.0,0,1
1322,4,-512,-675,-163,3.0,1.5,-1.5,0,0
1323,5,515,316,-199,4.0,4.0,0.0,0,0
1324,5,927,1026,99,5.0,5.0,0.0,1,1
1325,4,-217,-395,-178,2.0,2.0,0.0,0,0
1326,4,576,-83,-659,3.0,1.0,-2.0,0,0
1327,6,907,514,-393,6.0,5.0,-1.0,1,0
1328,4,-5,-87,-82,2.0,3.5,1.5,0,0
1329,4,769,726,-43,4.0,4.0,0.0,1,1
1330,5,26,-352,-378,3.5,3.0,-0.5,0,0
1331,4,2860,-596,-3456,2.5,2.0,-0.5,0,0
1332,6,1210,671,-539,5.5,5.0,-0.5,0,0
1333,6,-431,56,487,3.5,2.0,-1.5,0,0
1334,4,615,583,-32,3.5,3.5,0.0,0,0
1335,5,17,-287,-304,3.0,2.0,-1.0,0,0
1336,5,-478,125,603,1.0,4.0,3.0,0,0
1337,5,-329,683,1012,2.5,5.0,2.5,0,1
1338,5,280,45,-235,4.0,3.0,-1.0,0,0
1339,5,596,1203,607,5.0,5.0,0.0,1,1
1340,6,-989,-626,363,2.0,2.0,0.0,0,0
1341,6,656,708,52,6.0,6.0,0.0,1,1
1342,4,173,-272,-445,1.5,1.0,-0.5,0,0
1343,5,620,317,-303,4.5,4.0,-0.5,0,0
1344,4,690,0,-690,4.0,2.5,-1.5,1,0
1345,5,380,-406,-786,5.0,3.0,-2.0,1,0
1346,5,-30,615,645,3.0,3.0,0.0,0,0
1347,4,1090,620,-470,4.0,4.0,0.0,1,1
1348,6,1462,1829,367,5.0,5.0,0.0,0,0
1349,4,-100,161,261,2.0,4.0,2.0,0,1
1350,5,-2,-108,-106,3.0,2.0,-1.0,0,0
1351,5,1025,668,-357,5.0,5.0,0.0,1,1
1352,4,96,756,660,3.0,4.0,1.0,0,1
1353,4,-179,684,863,1.5,4.0,2.5,0,1
1354,6,877,778,-99,5.0,6.0,1.0,0,1
1355,5,682,618,-64,5.0,5.0,0.0,1,1
1356,5,-260,200,460,3.0,3.0,0.0,0,0
1357,6,651,239,-412,5.0,3.5,-1.5,0,0
1358,4,3236,2705,-531,4.0,3.5,-0.5,1,0
1359,6,471,1033,562,5.5,6.0,0.5,0,1
1360,6,1047,1566,519,5.0,6.0,1.0,0,1
1361,5,389,480,91,3.5,5.0,1.5,0,1
1362,5,481,733,252,5.0,5.0,0.0,1,1
1363,5,288,238,-50,4.0,5.0,1.0,0,1
1364,4,163,-110,-273,4.0,2.0,-2.0,1,0
1365,5,761,646,-115,5.0,5.0,0.0,1,1
1366,4,1203,1334,131,3.0,3.0,0.0,0,0
1367,5,485,286,-199,3.0,3.0,0.0,0,0
1368,5,450,605,155,4.5,3.5,-1.0,0,0
1369,5,851,1065,214,4.0,4.0,0.0,0,0
1370,6,42,-775,-817,4.0,1.0,-3.0,0,0
1371,5,-225,372,597,1.0,3.0,2.0,0,0
1372,5,1410,1322,-88,4.0,4.0,0.0,0,0
1373,5,3,-54,-57,2.0,4.0,2.0,0,0
1374,5,-167,-306,-139,1.5,2.0,0.5,0,0
1375,5,2260,2590,330,4.0,4.0,0.0,0,0
1376,4,369,254,-115,3.0,3.0,0.0,0,0
1377,4,-138,344,482,2.0,1.5,-0.5,0,0
1378,5,-128,-327,-199,2.0,2.0,0.0,0,0
1379,4,37,274,237,4.0,4.0,0.0,1,1
1380,5,109,881,772,3.0,3.5,0.5,0,0
1381,4,1353,674,-679,4.0,3.0,-1.0,1,0
1382,5,30,142,112,3.0,3.5,0.5,0,0
1383,4,-597,-325,272,1.0,1.5,0.5,0,0
1384,6,-1748,-379,1369,1.0,1.0,0.0,0,0
1385,5,-357,-73,284,2.0,2.0,0.0,0,0
1386,4,549,694,145,3.0,4.0,1.0,0,1
1387,6,-572,-528,44,2.0,2.0,0.0,0,0
1388,5,958,1186,228,5.0,5.0,0.0,1,1
1389,6,408,220,-188,5.5,6.0,0.5,0,1
1390,4,108,137,29,4.0,3.5,-0.5,1,0
1391,5,372,789,417,3.5,5.0,1.5,0,1
1392,5,605,919,314,5.0,5.0,0.0,1,1
1393,5,722,681,-41,4.5,4.0,-0.5,0,0
1394,5,897,248,-649,3.0,4.5,1.5,0,0
1395,4,208,207,-1,3.5,2.5,-1.0,0,0
1396,4,267,292,25,3.5,3.0,-0.5,0,0
1397,5,173,94,-79,2.0,2.5,0.5,0,0
1398,5,237,1186,949,5.0,5.0,0.0,1,1
1399,6,4892,3327,-1565,6.0,6.0,0.0,1,1
1400,4,46,-213,-259,4.0,2.5,-1.5,1,0
1401,5,123,590,467,4.0,4.0,0.0,0,0
1402,4,440,418,-22,4.0,4.0,0.0,1,1
1403,5,-237,167,404,2.0,4.0,2.0,0,0
1404,4,259,317,58,2.5,2.0,-0.5,0,0
1405,4,-197,-168,29,2.5,1.5,-1.0,0,0
1406,4,-48,571,619,2.5,4.0,1.5,0,1
1407,4,347,299,-48,3.5,4.0,0.5,0,1
1408,6,337,62,-275,4.0,4.5,0.5,0,0
1409,5,336,871,535,4.5,4.5,0.0,0,0
1410,5,-547,36,583,3.0,3.5,0.5,0,0
1411,4,695,-115,-810,4.0,2.0,-2.0,1,0
1412,4,279,29,-250,3.5,3.5,0.0,0,0
1413,4,175,455,280,2.0,3.0,1.0,0,0
1414,4,220,946,726,4.0,4.0,0.0,1,1
1415,4,-435,-366,69,1.0,2.0,1.0,0,0
1416,5,956,956,0,5.0,4.5,-0.5,1,0
1417,5,825,1506,681,4.0,4.5,0.5,0,0
1418,5,40,285,245,2.0,3.0,1.0,0,0
1419,4,436,905,469,3.0,4.0,1.0,0,1
1420,4,-76,206,282,3.5,4.0,0.5,0,1
1421,4,1733,2521,788,3.0,4.0,1.0,0,1
1422,5,288,593,305,4.0,5.0,1.0,0,1
1423,5,21,160,139,2.5,5.0,2.5,0,1
1424,5,706,-506,-1212,4.5,1.0,-3.5,0,0
1425,6,3183,2812,-371,6.0,6.0,0.0,1,1
1426,4,181,31,-150,3.0,2.5,-0.5,0,0
1427,5,95,215,120,4.0,3.0,-1.0,0,0
1428,5,415,191,-224,4.0,3.0,-1.0,0,0
1429,4,1036,929,-107,4.0,3.5,-0.5,1,0
1430,5,327,415,88,3.0,4.0,1.0,0,0
1431,4,305,485,180,3.0,4.0,1.0,0,1
1432,4,317,226,-91,4.0,3.5,-0.5,1,0
1433,5,767,1108,341,5.0,5.0,0.0,1,1
1434,5,493,509,16,3.0,3.0,0.0,0,0
1435,6,1039,2187,1148,3.0,5.0,2.0,0,0
1436,5,-131,-670,-539,3.0,1.0,-2.0,0,0
1437,4,606,629,23,3.0,3.0,0.0,0,0
1438,4,172,166,-6,3.5,2.5,-1.0,0,0
1439,5,75,679,604,3.5,5.0,1.5,0,1
1440,6,428,-107,-535,4.0,2.0,-2.0,0,0
1441,5,361,221,-140,4.5,3.0,-1.5,0,0
1442,5,213,-119,-332,5.0,4.0,-1.0,1,0
1443,4,211,735,524,3.5,3.5,0.0,0,0
1444,6,1982,1235,-747,4.0,4.0,0.0,0,0
1445,5,78,-29,-107,3.0,3.0,0.0,0,0
1446,4,417,71,-346,2.5,2.5,0.0,0,0
1447,6,257,294,37,4.0,4.0,0.0,0,0
1448,6,-144,697,841,3.0,4.5,1.5,0,0
1449,5,261,113,-148,3.5,2.0,-1.5,0,0
1450,5,-349,0,349,2.0,3.0,1.0,0,0
1451,6,846,1159,313,5.0,4.0,-1.0,0,0
1452,6,663,401,-262,6.0,5.0,-1.0,1,0
1453,6,295,1102,807,3.5,6.0,2.5,0,1
1454,5,550,1044,494,3.0,5.0,2.0,0,1
1455,6,1004,304,-700,6.0,5.0,-1.0,1,0
1456,6,-104,414,518,1.0,3.5,2.5,0,0
1457,5,274,502,228,2.5,5.0,2.5,0,1
1458,5,836,-205,-1041,5.0,2.0,-3.0,1,0
1459,6,782,355,-427,5.5,4.0,-1.5,0,0
1460,5,781,969,188,3.5,2.0,-1.5,0,0
1461,5,714,776,62,4.5,5.0,0.5,0,1
1462,6,230,930,700,6.0,6.0,0.0,1,1
1463,6,1837,1883,46,4.5,5.0,0.5,0,0
1464,6,-212,-465,-253,5.0,3.0,-2.0,0,0
1465,4,261,-535,-796,3.0,3.0,0.0,0,0
1466,4,346,190,-156,3.5,4.0,0.5,0,1
1467,5,445,-114,-559,4.0,1.5,-2.5,0,0
1468,6,446,744,298,4.0,5.0,1.0,0,0
1469,5,615,614,-1,4.5,4.0,-0.5,0,0
1470,5,344,699,355,4.0,4.0,0.0,0,0
1471,4,1028,1496,468,4.0,4.0,0.0,1,1
1472,5,570,1082,512,5.0,5.0,0.0,1,1
1473,5,95,516,421,3.0,4.5,1.5,0,0
1474,5,401,601,200,4.0,5.0,1.0,0,1
1475,4,1115,178,-937,4.0,3.0,-1.0,1,0
1476,5,171,10,-161,5.0,4.5,-0.5,1,0
1477,5,54,356,302,3.0,5.0,2.0,0,1
1478,4,400,822,422,3.0,4.0,1.0,0,1
1479,4,497,890,393,3.5,3.5,0.0,0,0
1480,5,347,41,-306,3.0,3.0,0.0,0,0
1481,5,124,209,85,2.5,2.0,-0.5,0,0
1482,5,514,-126,-640,3.0,2.0,-1.0,0,0
1483,4,161,616,455,3.5,3.0,-0.5,0,0
1484,4,-305,-67,238,2.0,2.0,0.0,0,0
1485,6,1073,1196,123,6.0,5.0,-1.0,1,0
1486,5,493,1494,1001,4.0,4.0,0.0,0,0
1487,5,-193,112,305,3.0,4.5,1.5,0,0
1488,4,1082,1290,208,4.0,4.0,0.0,1,1
1489,5,-814,248,1062,1.0,4.0,3.0,0,0
1490,5,-395,266,661,2.5,4.5,2.0,0,0
1491,5,-76,42,118,1.0,5.0,4.0,0,1
1492,4,-124,-515,-391,3.0,2.0,-1.0,0,0
1493,4,74,714,640,1.5,4.0,2.5,0,1
1494,5,747,465,-282,5.0,4.0,-1.0,1,0
1495,5,339,-62,-401,4.0,3.0,-1.0,0,0
1496,5,253,255,2,2.5,2.5,0.0,0,0
1497,5,149,816,667,4.0,4.5,0.5,0,0
1498,4,507,196,-311,4.0,2.0,-2.0,1,0
1499,5,-462,-248,214,4.0,3.0,-1.0,0,0
1500,5,209,1168,959,2.5,2.0,-0.5,0,0
1501,6,1589,1832,243,5.0,4.5,-0.5,0,0
1502,5,605,559,-46,5.0,4.0,-1.0,1,0
1503,5,-42,89,131,2.0,3.0,1.0,0,0
1504,6,-53,-8,45,4.5,2.0,-2.5,0,0
1505,5,2990,2232,-758,4.5,4.0,-0.5,0,0
1506,5,667,495,-172,5.0,5.0,0.0,1,1
1507,5,394,658,264,4.5,3.5,-1.0,0,0
1508,5,656,-198,-854,4.0,3.0,-1.0,0,0
1509,5,788,383,-405,2.5,3.5,1.0,0,0
1510,5,375,938,563,4.0,5.0,1.0,0,1
1511,4,219,225,6,4.0,2.5,-1.5,1,0
1512,6,841,-73,-914,6.0,2.5,-3.5,1,0
1513,5,116,541,425,2.0,4.5,2.5,0,0
1514,5,728,333,-395,4.5,3.5,-1.0,0,0
1515,6,317,392,75,3.5,6.0,2.5,0,1
1516,4,-23,-40,-17,2.5,2.5,0.0,0,0
1517,4,-123,72,195,1.0,1.0,0.0,0,0
1518,4,944,1526,582,4.0,4.0,0.0,1,1
1519,6,984,407,-577,6.0,4.0,-2.0,1,0
1520,6,19,-139,-158,2.0,2.5,0.5,0,0
1521,6,3698,4274,576,6.0,6.0,0.0,1,1
1522,5,416,709,293,4.0,4.0,0.0,0,0
1523,5,210,466,256,4.5,3.5,-1.0,0,0
1524,4,-95,188,283,2.5,3.5,1.0,0,0
1525,6,765,856,91,6.0,6.0,0.0,1,1
1526,5,417,358,-59,2.5,3.5,1.0,0,0
1527,5,866,2009,1143,2.5,5.0,2.5,0,1
1528,5,667,474,-193,5.0,4.5,-0.5,1,0
1529,6,120,1523,1403,1.5,6.0,4.5,0,1
1530,5,426,456,30,4.0,3.0,-1.0,0,0
1531,6,245,159,-86,3.0,5.0,2.0,0,0
1532,5,118,338,220,4.0,5.0,1.0,0,1
1533,6,577,883,306,5.0,5.5,0.5,0,0
1534,4,1348,2157,809,3.0,4.0,1.0,0,1
1535,5,902,418,-484,4.0,3.0,-1.0,0,0
1536,5,4893,2336,-2557,5.0,4.0,-1.0,1,0
1537,5,367,-329,-696,5.0,4.0,-1.0,1,0
1538,6,2175,3013,838,3.0,5.0,2.0,0,0
1539,6,807,1128,321,5.5,5.0,-0.5,0,0
1540,6,676,891,215,6.0,5.0,-1.0,1,0
1541,6,371,547,176,5.0,6.0,1.0,0,1
1542,5,296,-257,-553,2.0,2.0,0.0,0,0
1543,6,1575,1356,-219,4.0,4.5,0.5,0,0
1544,5,943,104,-839,4.0,3.0,-1.0,0,0
1545,5,-393,-336,57,3.0,2.0,-1.0,0,0
1546,6,547,-480,-1027,4.5,2.0,-2.5,0,0
1547,4,-34,2227,2261,2.0,2.5,0.5,0,0
1548,4,990,823,-167,4.0,3.0,-1.0,1,0
1549,4,120,-87,-207,2.5,2.0,-0.5,0,0
1550,6,452,238,-214,5.0,5.0,0.0,0,0
1551,4,-19,1206,1225,1.5,4.0,2.5,0,1
1552,5,1911,2057,146,4.0,5.0,1.0,0,1
1553,6,1106,1287,181,6.0,6.0,0.0,1,1
1554,5,723,489,-234,5.0,4.5,-0.5,1,0
1555,5,392,587,195,4.0,4.0,0.0,0,0
1556,5,479,156,-323,4.0,5.0,1.0,0,1
1557,6,-53,410,463,3.0,5.5,2.5,0,0
1558,6,-229,819,1048,2.5,5.5,3.0,0,0
1559,4,431,335,-96,3.5,3.0,-0.5,0,0
1560,4,-930,528,1458,1.0,4.0,3.0,0,1
1561,5,3555,4301,746,5.0,5.0,0.0,1,1
1562,5,855,1036,181,4.5,5.0,0.5,0,1
1563,5,591,723,132,3.5,3.5,0.0,0,0
1564,6,-27,577,604,2.0,5.5,3.5,0,0
1565,4,381,495,114,4.0,4.0,0.0,1,1
1566,5,1868,1737,-131,5.0,5.0,0.0,1,1
1567,6,271,332,61,2.5,4.5,2.0,0,0
1568,5,754,107,-647,5.0,2.0,-3.0,1,0
1569,4,-911,124,1035,1.0,3.0,2.0,0,0
1570,6,-404,-412,-8,3.0,4.0,1.0,0,0
1571,4,-307,500,807,2.0,2.5,0.5,0,0
1572,4,-161,1900,2061,3.0,4.0,1.0,0,1
1573,6,-82,-255,-173,3.0,3.0,0.0,0,0
1574,4,441,508,67,4.0,4.0,0.0,1,1
1575,4,-23,518,541,2.5,4.0,1.5,0,1
1576,5,-21,290,311,3.5,3.0,-0.5,0,0
1577,4,818,344,-474,4.0,3.0,-1.0,1,0
1578,5,780,553,-227,5.0,5.0,0.0,1,1
1579,4,647,293,-354,3.0,3.0,0.0,0,0
1580,6,778,739,-39,5.0,4.5,-0.5,0,0
1581,4,-665,660,1325,1.5,3.0,1.5,0,0
1582,6,1500,-608,-2108,5.0,2.0,-3.0,0,0
1583,5,-296,576,872,2.0,5.0,3.0,0,1
1584,4,386,504,118,3.0,3.0,0.0,0,0
1585,5,322,1153,831,3.0,5.0,2.0,0,1
1586,6,1380,1924,544,6.0,6.0,0.0,1,1
1587,5,445,75,-370,4.0,3.5,-0.5,0,0
1588,6,-838,2,840,1.0,2.5,1.5,0,0
1589,6,1118,454,-664,4.0,3.0,-1.0,0,0
1590,5,-60,242,302,2.5,3.5,1.0,0,0
1591,5,670,1054,384,5.0,4.5,-0.5,1,0
1592,4,74,367,293,2.0,4.0,2.0,0,1
1593,5,-56,38,94,4.0,1.0,-3.0,0,0
1594,5,2053,1406,-647,4.5,2.0,-2.5,0,0
1595,4,149,1117,968,3.0,4.0,1.0,0,1
1596,5,560,429,-131,4.5,5.0,0.5,0,1
1597,4,328,509,181,3.0,4.0,1.0,0,1
1598,6,473,-228,-701,6.0,2.0,-4.0,1,0
1599,5,992,379,-613,4.0,3.5,-0.5,0,0
1600,4,53,434,381,2.0,2.5,0.5,0,0
1601,5,-75,577,652,1.0,5.0,4.0,0,1
1602,6,109,885,776,2.0,4.0,2.0,0,0
1603,5,213,1101,888,4.0,5.0,1.0,0,1
1604,5,1309,1494,185,4.5,5.0,0.5,0,1
1605,5,-108,34,142,2.0,2.5,0.5,0,0
1606,6,365,188,-177,3.5,2.5,-1.0,0,0
1607,5,211,610,399,2.5,5.0,2.5,0,1
1608,4,1053,957,-96,4.0,4.0,0.0,1,1
1609,4,301,129,-172,3.0,4.0,1.0,0,1
1610,6,262,290,28,4.0,3.0,-1.0,0,0
1611,5,2035,4362,2327,3.5,5.0,1.5,0,1
1612,5,496,926,430,3.0,5.0,2.0,0,1
1613,4,234,-179,-413,4.0,2.0,-2.0,1,0
1614,5,163,-19,-182,4.5,2.0,-2.5,0,0
1615,4,80,517,437,3.0,4.0,1.0,0,1
1616,5,642,671,29,4.5,4.5,0.0,0,0
1617,5,269,908,639,5.0,5.0,0.0,1,1
1618,5,772,555,-217,4.5,5.0,0.5,0,1
1619,6,353,498,145,5.0,5.5,0.5,0,0
1620,6,-221,-120,101,3.5,2.0,-1.5,0,0
1621,4,-39,-316,-277,2.0,1.0,-1.0,0,0
1622,5,975,1575,600,4.5,5.0,0.5,0,1
1623,4,-253,358,611,2.0,3.0,1.0,0,0
1624,5,469,298,-171,2.0,1.0,-1.0,0,0
1625,6,-43,712,755,4.0,5.5,1.5,0,0
1626,4,942,1336,394,4.0,4.0,0.0,1,1
1627,5,232,725,493,4.0,3.0,-1.0,0,0
1628,4,509,716,207,3.0,4.0,1.0,0,1
1629,5,308,222,-86,2.0,2.0,0.0,0,0
1630,5,1747,2958,1211,4.0,5.0,1.0,0,1
1631,5,257,135,-122,2.5,2.0,-0.5,0,0
1632,5,-44,201,245,3.5,4.5,1.0,0,0
1633,6,89,278,189,2.0,6.0,4.0,0,1
1634,4,426,935,509,3.5,4.0,0.5,0,1
1635,6,395,368,-27,5.0,6.0,1.0,0,1
1636,5,1214,542,-672,4.0,3.5,-0.5,0,0
1637,4,704,576,-128,4.0,4.0,0.0,1,1
1638,5,667,1075,408,4.5,5.0,0.5,0,1
1639,5,643,-396,-1039,4.0,3.0,-1.0,0,0
1640,5,-111,-303,-192,2.0,3.5,1.5,0,0
1641,5,-306,253,559,4.0,4.0,0.0,0,0
1642,5,365,660,295,3.0,5.0,2.0,0,1
1643,6,-572,-670,-98,2.0,1.0,-1.0,0,0
1644,4,646,372,-274,4.0,2.0,-2.0,1,0
1645,6,-38,-307,-269,1.5,1.0,-0.5,0,0
1646,5,916,875,-41,5.0,5.0,0.0,1,1
1647,5,-355,-288,67,2.0,4.0,2.0,0,0
1648,5,1336,1152,-184,5.0,5.0,0.0,1,1
1649,5,1097,910,-187,5.0,5.0,0.0,1,1
1650,5,-257,1620,1877,3.0,5.0,2.0,0,1
1651,5,411,174,-237,4.5,3.5,-1.0,0,0
1652,5,607,590,-17,4.0,5.0,1.0,0,1
1653,5,1184,916,-268,4.5,4.5,0.0,0,0
1654,6,1097,6099,5002,4.0,6.0,2.0,0,1
1655,5,-61,-81,-20,3.0,3.0,0.0,0,0
1656,5,83,78,-5,4.5,3.0,-1.5,0,0
1657,4,491,587,96,4.0,4.0,0.0,1,1
1658,4,-900,-12,888,2.0,2.5,0.5,0,0
1659,5,153,516,363,4.0,4.0,0.0,0,0
1660,4,459,656,197,4.0,4.0,0.0,1,1
1661,5,-49,209,258,2.0,3.0,1.0,0,0
1662,5,-274,-229,45,2.0,2.0,0.0,0,0
1663,5,65,-85,-150,2.0,2.0,0.0,0,0
1664,4,-645,-243,402,1.0,2.5,1.5,0,0
1665,5,486,77,-409,4.0,3.0,-1.0,0,0
1666,4,-251,837,1088,2.0,4.0,2.0,0,1
1667,4,756,178,-578,4.0,2.0,-2.0,1,0
1668,5,-776,196,972,1.5,2.0,0.5,0,0
1669,6,1618,1664,46,6.0,6.0,0.0,1,1
1670,6,240,548,308,5.0,4.5,-0.5,0,0
1671,5,31,-407,-438,3.5,2.0,-1.5,0,0
1672,6,-183,116,299,2.5,4.5,2.0,0,0
1673,5,958,532,-426,4.5,3.5,-1.0,0,0
1674,5,-183,857,1040,1.0,5.0,4.0,0,1
1675,5,114,172,58,5.0,5.0,0.0,1,1
1676,5,570,921,351,2.0,5.0,3.0,0,1
1677,5,74,-321,-395,4.0,2.0,-2.0,0,0
1678,4,426,949,523,4.0,4.0,0.0,1,1
1679,5,1393,1418,25,5.0,5.0,0.0,1,1
1680,5,162,-211,-373,4.0,1.5,-2.5,0,0
1681,4,949,172,-777,4.0,3.0,-1.0,1,0
1682,4,301,354,53,3.5,3.0,-0.5,0,0
1683,6,274,693,419,4.0,5.0,1.0,0,0
1684,5,237,153,-84,5.0,2.0,-3.0,1,0
1685,5,-59,627,686,2.0,2.5,0.5,0,0
1686,5,-227,334,561,4.0,3.5,-0.5,0,0
1687,5,-245,1130,1375,3.5,4.5,1.0,0,0
1688,6,-296,-640,-344,2.0,2.5,0.5,0,0
1689,5,995,766,-229,4.0,4.0,0.0,0,0
1690,6,2354,3346,992,4.5,5.0,0.5,0,0
1691,5,1124,325,-799,4.5,3.5,-1.0,0,0
1692,6,944,1154,210,6.0,6.0,0.0,1,1
1693,5,409,820,411,3.0,5.0,2.0,0,1
1694,4,872,787,-85,2.0,3.0,1.0,0,0
1695,4,365,826,461,3.0,3.5,0.5,0,0
1696,6,1457,1370,-87,6.0,5.0,-1.0,1,0
1697,5,574,798,224,5.0,5.0,0.0,1,1
1698,5,180,-325,-505,4.0,2.0,-2.0,0,0
1699,5,1194,1143,-51,5.0,5.0,0.0,1,1
1700,4,436,-40,-476,2.5,2.5,0.0,0,0
1701,4,-47,-717,-670,1.5,1.0,-0.5,0,0
1702,5,212,465,253,4.0,4.0,0.0,0,0
1703,5,-104,-952,-848,3.0,1.0,-2.0,0,0
1704,4,271,472,201,3.5,4.0,0.5,0,1
1705,5,413,118,-295,4.0,4.0,0.0,0,0
1706,5,604,210,-394,2.5,4.0,1.5,0,0
1707,5,-17,-42,-25,4.0,3.0,-1.0,0,0
1708,6,463,944,481,4.0,6.0,2.0,0,1
1709,5,-1212,-353,859,1.0,1.5,0.5,0,0
1710,5,-152,313,465,4.0,4.0,0.0,0,0
1711,6,337,579,242,4.0,3.5,-0.5,0,0
1712,5,1309,1927,618,4.0,4.0,0.0,0,0
1713,5,1129,312,-817,5.0,3.0,-2.0,1,0
1714,5,337,717,380,3.5,3.5,0.0,0,0
1715,4,151,-458,-609,2.0,1.5,-0.5,0,0
1716,4,988,491,-497,4.0,4.0,0.0,1,1
1717,4,672,-312,-984,3.0,2.0,-1.0,0,0
1718,4,5,415,410,2.0,4.0,2.0,0,1
1719,5,-1285,-459,826,2.0,2.0,0.0,0,0
1720,5,718,915,197,5.0,5.0,0.0,1,1
1721,5,142,-393,-535,3.0,3.0,0.0,0,0
1722,6,1228,663,-565,6.0,2.0,-4.0,1,0
1723,5,-673,-137,536,1.0,4.0,3.0,0,0
1724,6,-323,-574,-251,3.0,2.0,-1.0,0,0
1725,5,840,1449,609,5.0,5.0,0.0,1,1
1726,6,-157,83,240,2.5,5.0,2.5,0,0
1727,6,276,359,83,2.5,5.5,3.0,0,0
1728,4,2,-87,-89,2.5,3.0,0.5,0,0
1729,5,729,518,-211,5.0,5.0,0.0,1,1
1730,4,518,803,285,4.0,4.0,0.0,1,1
1731,5,771,814,43,5.0,5.0,0.0,1,1
1732,5,-707,-436,271,1.0,3.0,2.0,0,0
1733,6,2291,2899,608,5.0,6.0,1.0,0,1
1734,5,-703,-687,16,1.0,1.0,0.0,0,0
1735,5,2734,2680,-54,4.0,5.0,1.0,0,1
1736,5,1313,1757,444,3.0,3.0,0.0,0,0
1737,6,407,754,347,4.5,6.0,1.5,0,1
1738,4,269,884,615,3.5,4.0,0.5,0,1
1739,5,-161,788,949,3.5,4.0,0.5,0,0
1740,5,353,153,-200,4.0,3.0,-1.0,0,0
1741,5,4676,4355,-321,5.0,5.0,0.0,1,1
1742,5,110,929,819,2.5,4.0,1.5,0,0
1743,5,703,1164,461,4.5,5.0,0.5,0,1
1744,5,2974,675,-2299,5.0,1.5,-3.5,1,0
1745,4,-126,118,244,3.0,3.0,0.0,0,0
1746,4,387,1287,900,3.0,4.0,1.0,0,1
1747,5,723,1116,393,5.0,5.0,0.0,1,1
1748,4,-17,-818,-801,1.0,1.5,0.5,0,0
1749,4,-458,-69,389,1.0,1.5,0.5,0,0
1750,5,764,98,-666,4.0,3.5,-0.5,0,0
1751,5,384,862,478,5.0,5.0,0.0,1,1
1752,4,188,515,327,3.0,4.0,1.0,0,1
1753,6,529,668,139,4.0,5.0,1.0,0,0
1754,5,711,793,82,5.0,5.0,0.0,1,1
1755,6,351,381,30,4.0,3.0,-1.0,0,0
1756,4,335,149,-186,3.0,3.0,0.0,0,0
1757,4,702,165,-537,4.0,2.0,-2.0,1,0
1758,5,903,1450,547,5.0,5.0,0.0,1,1
1759,6,177,491,314,3.5,5.0,1.5,0,0
1760,5,742,1232,490,4.0,5.0,1.0,0,1
1761,4,962,557,-405,4.0,3.5,-0.5,1,0
1762,4,-90,-74,16,2.5,2.5,0.0,0,0
1763,4,497,816,319,4.0,4.0,0.0,1,1
1764,5,705,1065,360,4.5,5.0,0.5,0,1
1765,5,356,73,-283,5.0,3.0,-2.0,1,0
1766,5,876,518,-358,5.0,5.0,0.0,1,1
1767,5,-179,390,569,2.0,4.0,2.0,0,0
1768,4,876,1247,371,3.0,4.0,1.0,0,1
1769,4,192,86,-106,2.0,2.0,0.0,0,0
1770,4,-529,1218,1747,2.0,4.0,2.0,0,1
1771,4,362,76,-286,4.0,3.0,-1.0,1,0
1772,5,857,1237,380,5.0,5.0,0.0,1,1
1773,6,-382,-3,379,3.0,4.0,1.0,0,0
1774,4,151,344,193,3.0,4.0,1.0,0,1
1775,5,1487,1202,-285,5.0,3.5,-1.5,1,0
1776,5,549,778,229,3.5,5.0,1.5,0,1
1777,5,1586,1054,-532,3.5,2.0,-1.5,0,0
1778,6,-233,2174,2407,2.0,4.0,2.0,0,0
1779,4,322,532,210,3.0,2.5,-0.5,0,0
1780,6,452,170,-282,5.5,4.0,-1.5,0,0
1781,4,1122,1443,321,3.5,4.0,0.5,0,1
1782,4,-311,-9,302,1.0,3.5,2.5,0,0
1783,5,-404,21,425,4.0,2.0,-2.0,0,0
1784,5,237,373,136,1.5,3.5,2.0,0,0
1785,4,764,915,151,4.0,4.0,0.0,1,1
1786,5,917,-106,-1023,5.0,3.5,-1.5,1,0
1787,5,810,57,-753,4.0,2.0,-2.0,0,0
1788,4,-64,-32,32,2.0,2.0,0.0,0,0
1789,4,150,186,36,2.0,2.5,0.5,0,0
1790,5,379,320,-59,4.5,4.0,-0.5,0,0
1791,4,260,224,-36,3.0,3.0,0.0,0,0
1792,6,1182,627,-555,5.0,5.0,0.0,0,0
1793,6,108,205,97,3.5,5.0,1.5,0,0
1794,6,926,124,-802,5.0,4.5,-0.5,0,0
1795,6,450,354,-96,6.0,6.0,0.0,1,1
1796,4,286,996,710,4.0,4.0,0.0,1,1
1797,5,-154,512,666,1.5,5.0,3.5,0,1
1798,5,508,-438,-946,5.0,2.0,-3.0,1,0
1799,4,213,139,-74,4.0,4.0,0.0,1,1
1800,5,1240,1150,-90,4.0,2.5,-1.5,0,0
1801,5,-154,156,310,1.5,3.0,1.5,0,0
1802,5,1256,1187,-69,5.0,5.0,0.0,1,1
1803,5,-81,201,282,3.5,4.0,0.5,0,0
1804,5,2627,3616,989,5.0,5.0,0.0,1,1
1805,4,819,418,-401,3.0,4.0,1.0,0,1
1806,6,85,86,1,4.5,4.0,-0.5,0,0
1807,5,121,-4,-125,3.0,4.5,1.5,0,0
1808,5,742,1690,948,4.0,5.0,1.0,0,1
1809,4,802,315,-487,4.0,3.5,-0.5,1,0
1810,6,-894,-139,755,1.0,3.0,2.0,0,0
1811,6,469,1183,714,6.0,6.0,0.0,1,1
1812,5,134,79,-55,4.0,4.0,0.0,0,0
1813,5,400,344,-56,4.0,5.0,1.0,0,1
1814,5,532,-296,-828,4.0,3.0,-1.0,0,0
1815,5,862,1265,403,4.0,5.0,1.0,0,1
1816,6,2957,5593,2636,6.0,6.0,0.0,1,1
1817,5,512,344,-168,4.0,2.5,-1.5,0,0
1818,5,-382,584,966,2.0,5.0,3.0,0,1
1819,4,772,470,-302,4.0,3.0,-1.0,1,0
1820,4,-40,747,787,1.5,4.0,2.5,0,1
1821,4,32,134,102,2.0,2.5,0.5,0,0
1822,5,341,794,453,2.5,5.0,2.5,0,1
1823,6,2260,1844,-416,6.0,5.5,-0.5,1,0
1824,6,-235,141,376,3.5,3.5,0.0,0,0
1825,6,1890,1336,-554,4.0,4.0,0.0,0,0
1826,6,-359,-223,136,4.0,1.0,-3.0,0,0
1827,5,420,1187,767,2.5,5.0,2.5,0,1
1828,5,662,224,-438,4.0,4.0,0.0,0,0
1829,5,-210,-435,-225,3.0,2.0,-1.0,0,0
1830,5,-770,-421,349,1.0,2.0,1.0,0,0
1831,5,-103,47,150,3.5,4.0,0.5,0,0
1832,6,567,1147,580,5.5,6.0,0.5,0,1
1833,5,-241,-149,92,1.0,2.0,1.0,0,0
1834,4,7,296,289,2.5,4.0,1.5,0,1
1835,5,885,688,-197,5.0,4.0,-1.0,1,0
1836,5,2997,3741,744,4.0,4.5,0.5,0,0
1837,4,372,174,-198,3.5,2.5,-1.0,0,0
1838,6,-587,-559,28,2.0,1.0,-1.0,0,0
1839,6,-174,-323,-149,2.0,2.5,0.5,0,0
1840,4,-449,-4,445,2.0,3.0,1.0,0,0
1841,6,735,808,73,6.0,6.0,0.0,1,1
1842,6,1196,2649,1453,5.0,5.0,0.0,0,0
1843,4,160,236,76,2.5,3.5,1.0,0,0
1844,4,-359,-63,296,1.0,2.5,1.5,0,0
1845,6,1384,1723,339,6.0,6.0,0.0,1,1
1846,5,696,803,107,4.0,5.0,1.0,0,1
1847,5,498,908,410,4.5,5.0,0.5,0,1
1848,5,468,97,-371,4.0,4.0,0.0,0,0
1849,5,112,676,564,2.5,4.5,2.0,0,0
1850,6,-246,1379,1625,2.5,3.5,1.0,0,0
1851,5,601,549,-52,4.0,3.0,-1.0,0,0
1852,6,843,1490,647,5.0,6.0,1.0,0,1
1853,4,1102,935,-167,4.0,4.0,0.0,1,1
1854,4,1000,1004,4,3.5,3.5,0.0,0,0
1855,4,-8,1238,1246,3.0,4.0,1.0,0,1
1856,5,410,586,176,4.0,4.0,0.0,0,0
1857,6,506,277,-229,4.0,4.0,0.0,0,0
1858,6,562,958,396,6.0,5.0,-1.0,1,0
1859,5,765,722,-43,3.0,4.0,1.0,0,0
1860,5,571,318,-253,5.0,5.0,0.0,1,1
1861,6,-478,364,842,2.0,5.5,3.5,0,0
1862,6,977,1387,410,6.0,6.0,0.0,1,1
1863,5,-346,-135,211,2.0,2.5,0.5,0,0
1864,4,2806,3504,698,4.0,4.0,0.0,1,1
1865,5,1625,734,-891,5.0,5.0,0.0,1,1
1866,5,202,936,734,4.0,5.0,1.0,0,1
1867,6,645,723,78,5.0,5.0,0.0,0,0
1868,5,-71,377,448,4.0,4.0,0.0,0,0
1869,5,44,-255,-299,2.5,3.0,0.5,0,0
1870,5,-145,255,400,1.5,4.0,2.5,0,0
1871,5,47,266,219,4.0,4.0,0.0,0,0
1872,6,644,829,185,4.5,3.5,-1.0,0,0
1873,5,-415,52,467,2.5,2.0,-0.5,0,0
1874,6,746,268,-478,4.0,4.0,0.0,0,0
1875,4,-653,21,674,2.0,3.0,1.0,0,0
1876,5,379,132,-247,3.0,5.0,2.0,0,1
1877,4,-19,149,168,3.0,4.0,1.0,0,1
1878,4,1115,511,-604,4.0,3.5,-0.5,1,0
1879,4,908,536,-372,4.0,4.0,0.0,1,1
1880,5,1148,1765,617,5.0,5.0,0.0,1,1
1881,5,1640,1547,-93,3.0,4.0,1.0,0,0
1882,5,204,123,-81,3.0,3.5,0.5,0,0
1883,4,698,587,-111,4.0,3.0,-1.0,1,0
1884,5,3180,3789,609,4.0,5.0,1.0,0,1
1885,4,533,259,-274,2.5,2.5,0.0,0,0
1886,5,181,189,8,4.5,2.5,-2.0,0,0
1887,5,425,855,430,3.5,5.0,1.5,0,1
1888,5,690,1134,444,5.0,5.0,0.0,1,1
1889,5,-373,-273,100,1.0,1.0,0.0,0,0
1890,5,823,3071,2248,2.5,5.0,2.5,0,1
1891,5,899,678,-221,4.5,4.0,-0.5,0,0
1892,4,907,556,-351,4.0,4.0,0.0,1,1
1893,4,244,-27,-271,1.0,1.0,0.0,0,0
1894,6,1069,945,-124,5.0,4.0,-1.0,0,0
1895,5,-648,-97,551,2.0,2.5,0.5,0,0
1896,4,631,682,51,3.0,3.0,0.0,0,0
1897,5,1647,932,-715,5.0,5.0,0.0,1,1
1898,6,-1018,-371,647,2.0,2.0,0.0,0,0
1899,4,604,-320,-924,4.0,1.0,-3.0,1,0
1900,6,102,759,657,3.0,6.0,3.0,0,1
1901,5,-131,380,511,2.0,4.0,2.0,0,0
1902,5,717,3471,2754,3.0,5.0,2.0,0,1
1903,4,304,-13,-317,3.0,3.0,0.0,0,0
1904,5,473,840,367,4.5,5.0,0.5,0,1
1905,5,597,255,-342,5.0,4.0,-1.0,1,0
1906,5,553,541,-12,4.5,4.5,0.0,0,0
1907,6,-62,5,67,2.5,2.0,-0.5,0,0
1908,5,260,302,42,4.5,5.0,0.5,0,1
1909,4,-288,656,944,1.5,4.0,2.5,0,1
1910,5,-633,-513,120,1.5,2.0,0.5,0,0
1911,4,1064,-52,-1116,4.0,2.5,-1.5,1,0
1912,5,930,602,-328,4.0,3.0,-1.0,0,0
1913,6,401,2008,1607,4.5,4.0,-0.5,0,0
1914,6,1376,1195,-181,4.0,4.0,0.0,0,0
1915,4,349,352,3,4.0,4.0,0.0,1,1
1916,5,-380,-874,-494,2.0,1.0,-1.0,0,0
1917,5,671,-348,-1019,4.0,3.0,-1.0,0,0
1918,5,-155,-512,-357,2.0,2.0,0.0,0,0
1919,6,124,247,123,3.0,3.0,0.0,0,0
1920,6,91,1200,1109,4.0,6.0,2.0,0,1
1921,4,262,238,-24,4.0,3.0,-1.0,1,0
1922,5,573,667,94,4.5,4.5,0.0,0,0
1923,4,508,685,177,3.0,4.0,1.0,0,1
1924,5,1970,1157,-813,4.0,4.5,0.5,0,0
1925,5,675,1057,382,4.0,5.0,1.0,0,1
1926,5,317,1269,952,4.5,5.0,0.5,0,1
1927,5,558,651,93,4.0,5.0,1.0,0,1
1928,5,879,404,-475,5.0,4.5,-0.5,1,0
1929,5,-485,908,1393,2.0,4.5,2.5,0,0
1930,5,-44,-38,6,5.0,4.0,-1.0,1,0
1931,5,870,717,-153,3.0,2.0,-1.0,0,0
1932,5,467,398,-69,4.0,3.0,-1.0,0,0
1933,4,1240,537,-703,4.0,4.0,0.0,1,1
1934,5,-981,2654,3635,1.5,5.0,3.5,0,1
1935,5,946,1159,213,4.0,5.0,1.0,0,1
1936,4,-171,437,608,2.5,4.0,1.5,0,1
1937,5,678,1134,456,3.0,3.0,0.0,0,0
1938,5,1517,1466,-51,4.5,5.0,0.5,0,1
1939,5,254,-329,-583,3.0,1.0,-2.0,0,0
1940,6,5215,4916,-299,5.0,6.0,1.0,0,1
1941,5,873,520,-353,4.5,5.0,0.5,0,1
1942,5,188,-179,-367,4.0,2.0,-2.0,0,0
1943,4,656,416,-240,4.0,3.5,-0.5,1,0
1944,6,41,-671,-712,4.0,3.5,-0.5,0,0
1945,4,417,128,-289,3.0,3.0,0.0,0,0
1946,5,778,-29,-807,4.0,2.0,-2.0,0,0
1947,5,-335,930,1265,1.0,5.0,4.0,0,1
1948,4,934,432,-502,4.0,4.0,0.0,1,1
1949,5,1170,1074,-96,5.0,5.0,0.0,1,1
1950,5,-327,95,422,2.5,2.0,-0.5,0,0
1951,5,648,155,-493,5.0,4.0,-1.0,1,0
1952,4,2912,2976,64,4.0,4.0,0.0,1,1
1953,5,890,3255,2365,4.0,5.0,1.0,0,1
1954,4,596,347,-249,3.0,2.5,-0.5,0,0
1955,6,-180,-321,-141,4.0,1.0,-3.0,0,0
1956,5,-39,188,227,4.0,5.0,1.0,0,1
1957,4,460,-145,-605,2.0,2.0,0.0,0,0
1958,5,604,651,47,5.0,5.0,0.0,1,1
1959,4,119,308,189,2.5,3.5,1.0,0,0
1960,5,612,973,361,5.0,4.5,-0.5,1,0
1961,5,284,562,278,3.0,5.0,2.0,0,1
1962,5,344,-202,-546,3.0,4.0,1.0,0,0
1963,6,2845,3692,847,6.0,6.0,0.0,1,1
1964,5,312,98,-214,3.5,4.5,1.0,0,0
1965,4,36,111,75,1.5,3.0,1.5,0,0
1966,5,-789,-156,633,1.0,3.0,2.0,0,0
1967,4,428,268,-160,3.0,2.5,-0.5,0,0
1968,5,458,696,238,2.0,4.5,2.5,0,0
1969,4,156,325,169,3.5,3.5,0.0,0,0
1970,6,763,1710,947,5.0,6.0,1.0,0,1
1971,5,490,-45,-535,4.0,2.0,-2.0,0,0
1972,5,353,1042,689,2.0,5.0,3.0,0,1
1973,4,876,1202,326,4.0,4.0,0.0,1,1
1974,5,713,898,185,3.5,4.0,0.5,0,0
1975,5,-283,767,1050,2.0,4.0,2.0,0,0
1976,4,180,542,362,2.5,3.0,0.5,0,0
1977,5,925,1151,226,2.5,4.0,1.5,0,0
1978,4,185,617,432,2.0,3.0,1.0,0,0
1979,5,-193,411,604,3.0,5.0,2.0,0,1
1980,5,1287,1155,-132,5.0,5.0,0.0,1,1
1981,6,510,220,-290,5.0,3.0,-2.0,0,0
1982,5,-281,705,986,2.0,5.0,3.0,0,1
1983,5,96,63,-33,3.5,3.5,0.0,0,0
1984,4,29,-305,-334,2.5,1.0,-1.5,0,0
1985,6,-95,456,551,4.0,4.0,0.0,0,0
1986,5,729,980,251,5.0,5.0,0.0,1,1
1987,5,-17,-19,-2,5.0,3.5,-1.5,1,0
1988,6,-155,541,696,2.5,5.5,3.0,0,0
1989,6,1670,861,-809,5.0,5.0,0.0,0,0
1990,6,563,1329,766,2.5,6.0,3.5,0,1
1991,4,662,1042,380,4.0,4.0,0.0,1,1
1992,6,-42,-640,-598,4.0,4.0,0.0,0,0
1993,5,355,374,19,2.5,4.0,1.5,0,0
1994,4,-455,170,625,2.0,3.0,1.0,0,0
1995,6,449,709,260,5.0,5.0,0.0,0,0
1996,5,367,493,126,4.0,2.5,-1.5,0,0
1997,6,132,427,295,3.5,5.0,1.5,0,0
1998,5,1287,26,-1261,4.0,2.0,-2.0,0,0
1999,6,57,1279,1222,5.0,5.5,0.5,0,0
2000,4,248,538,290,3.0,2.5,-0.5,0,0
2001,4,288,554,266,2.0,4.0,2.0,0,1
2002,4,344,-531,-875,3.5,1.0,-2.5,0,0
2003,4,174,424,250,4.0,4.0,0.0,1,1
2004,5,810,143,-667,5.0,3.0,-2.0,1,0
2005,6,632,938,306,4.0,6.0,2.0,0,1
2006,5,716,-32,-748,5.0,3.0,-2.0,1,0
2007,4,52,42,-10,1.5,2.5,1.0,0,0
2008,6,3355,3951,596,4.5,4.5,0.0,0,0
