bot,tables,games,calibration_bb100,main_bb100,delta,low,high
RaiseYourEdge,117,588,29.244897959183675,39.14540816326531,9.900510204081632,0.8043157934815718,19.891400337160768
pocket-nuts,135,674,34.54376854599406,41.095697329376854,6.551928783382789,-2.5328237582305815,17.153555657026324
Althaf Productions v1,109,564,38.4813829787234,41.11347517730496,2.63209219858156,-8.841496723996725,13.654761953163115
kurimanju,128,642,33.74688473520249,41.44781931464174,7.700934579439252,-1.1815164454157898,16.087439247407232
BigBaller,112,565,29.207964601769913,42.19557522123894,12.987610619469027,4.474490533748574,21.257199401146046
regrets,115,594,35.35016835016835,43.063973063973066,7.713804713804714,-1.5669200491116568,17.01793499396345
netanyahu,110,559,30.4087656529517,43.79785330948122,13.389087656529517,4.29389734648068,23.644334670521978
guaguanco 5,114,592,45.27195945945946,45.49324324324324,0.22128378378378377,-8.237226890756302,9.882706449456386
samith pai is lowkey leng,128,653,42.00918836140888,45.51607963246554,3.5068912710566615,-5.752534608532358,13.288162921700811
wicked wing combo,133,681,35.29515418502203,45.53817914831131,10.24302496328928,3.354856579101728,17.0712292707356
MAC Projects Team Testing Bot 2,107,543,38.267955801104975,46.05156537753223,7.783609576427256,-6.307977607230794,22.42948073660538
data,116,587,28.87137989778535,46.630323679727425,17.75894378194208,6.1442455655162025,28.80801525922435
Bad Goy,116,586,36.98293515358362,48.13993174061434,11.156996587030717,-0.04228448275862064,22.392953237472614
radishv2,118,606,46.43069306930693,49.754950495049506,3.3242574257425743,-5.946747393658034,12.926954418550789
testQ,130,662,41.61102719033233,50.05287009063444,8.441842900302115,0.3968788463817799,16.181379142904365
finian sucks,119,609,31.64696223316913,50.52134646962233,18.874384236453203,10.264641179512003,28.315081096196863
jewhunter,116,579,32.09240069084629,50.83765112262522,18.745250431778928,7.373806116163629,30.81170450327477
Invokerv2,129,655,40.25419847328244,51.36412213740458,11.109923664122137,3.354531093593594,19.319948131578823
catherine,114,581,42.302065404475044,51.4974182444062,9.195352839931154,-0.7200981300255372,19.32489936648915
wicked wings combo,124,639,36.076682316118934,51.84820031298904,15.77151799687011,7.027907100182689,25.12589306706636
Gladiators,115,591,47.29187817258883,52.07275803722504,4.780879864636209,-5.945130691399663,15.075172137332572
axiom,126,645,42.14031007751938,52.351937984496125,10.211627906976744,-0.2894500780031201,20.645933539921263
the GOON,109,549,51.23497267759563,52.544626593806925,1.3096539162112932,-10.438661329622379,12.635800394154293
luck is all u need,125,643,54.08709175738725,52.68040435458787,-1.4066874027993779,-12.659298015960635,10.2259417094467
Versatile Devourer,106,542,53.06918819188192,52.7029520295203,-0.3662361623616236,-12.138494657589828,11.62336333481137
MAC Projects Team Testing Bot 3,97,507,40.861932938856015,52.79585798816568,11.933925049309664,-0.52644763412105,25.453186274509804
percy-perc-filet,106,548,34.081204379562045,52.89142335766423,18.81021897810219,7.669060387266163,31.49070220968152
RiverForge,112,576,38.190104166666664,53.19965277777778,15.00954861111111,5.819984085286187,23.694431617813272
larp larp sahur,124,634,40.56624605678233,53.290220820189276,12.72397476340694,4.521100693530198,21.26747964473499
Allen Iverson 2.0,103,522,52.043103448275865,53.50095785440613,1.4578544061302683,-8.69805591307178,11.230078689825426
yep,125,626,45.703674121405754,53.5055910543131,7.801916932907348,-0.9684423194738387,16.86304821974437
best-bot,114,575,37.12086956521739,53.95652173913044,16.835652173913044,6.393181571079098,27.8342495321407
Gladiator_v3,110,560,41.675,54.0125,12.3375,2.013722309433868,23.783124337009074
Sus bot,108,556,42.280575539568346,54.20863309352518,11.928057553956835,3.124411563071298,20.784571931569975
dan_negreanu_on_ket,126,653,42.700612557427256,55.36217457886677,12.66156202143951,2.2385936046497656,22.263084246249093
MAC Projects Team Testing Bot,99,514,41.61381322957198,55.5204280155642,13.906614785992218,0.9952168160557554,27.806182612473098
Messi,117,596,44.49244966442953,56.46057046979866,11.968120805369127,2.1957142857142857,22.94414681274392
love-of-da-game,126,641,57.25897035881435,56.783151326053044,-0.47581903276131043,-9.66036103693814,8.401867378048781
Pot-Committed-GPT,106,551,46.87568058076225,58.719600725952816,11.843920145190562,2.8087320237907365,20.619456128645467
the notorious,98,494,50.17004048582996,58.79352226720648,8.623481781376519,-5.992504980079682,25.00829495042543
fullhouse,128,648,47.79706790123457,59.42438271604938,11.627314814814815,2.0455680672055077,21.311070664752584
Allen Iverson,117,595,59.98235294117647,60.04117647058823,0.058823529411764705,-11.078036363482285,10.764369994475663
idc,118,602,41.16943521594684,60.17857142857143,19.009136212624586,5.5466247868169845,34.060600746268655
polygamous lavender marriage,104,535,45.27009345794392,60.27009345794392,15.0,3.67965077044202,26.574364990741653
Bluey,105,537,44.3268156424581,60.7635009310987,16.436685288640597,2.0788194758928844,31.052864254792812
tungbot,126,649,44.35901386748844,61.42604006163328,17.067026194144837,5.661451144467449,28.707592663736488
merch where,112,569,46.115114235500876,61.64059753954306,15.52548330404218,2.7970668582422733,27.733148913169067
Phil_Ivey_GOAT,116,584,53.89640410958904,61.75856164383562,7.862157534246576,-2.363775773195876,17.00258528715387
g5-veil-dot,109,562,49.031138790035584,61.84341637010676,12.812277580071175,0.4524065806878307,25.00588143746462
renbot,140,710,50.76338028169014,62.040845070422534,11.277464788732395,1.9346631895332391,20.718276992615227
let it go,106,532,51.32048872180451,62.59492481203007,11.274436090225564,1.2834645989974938,21.18147890255112
McSmart Meal,110,570,49.74035087719298,63.01754385964912,13.27719298245614,4.277000432525952,21.801174839462927
Thanos,114,588,64.92431972789116,63.156462585034014,-1.7678571428571428,-11.321222957835227,7.197027948792693
poke-bowl,119,597,60.246231155778894,63.312395309882746,3.0661641541038525,-7.73764856366829,14.34392611225092
Tester67,109,552,46.06884057971015,63.62952898550725,17.5606884057971,4.986920630679652,30.063704792132288
tutududu,115,587,55.87819420783646,65.0442930153322,9.166098807495741,-2.469640444015444,21.0372889107394
tripi tropi,120,613,48.1321370309951,66.57830342577488,18.446166394779773,9.010492852197448,27.959029067778765
zinger box,97,495,53.62929292929293,66.59494949494949,12.965656565656566,3.5722394121942314,21.9233862704918
Tilted_Towers_2,134,687,53.97379912663755,67.88864628820961,13.914847161572052,4.757198596885025,23.943071635311142
krestrel,101,520,53.49134615384615,67.925,14.433653846153845,-0.9846445009689923,31.48628114127163
orcabot,101,518,57.66988416988417,68.2895752895753,10.61969111969112,-3.4915779640732567,25.731956463853006
Gladiator,101,518,70.22297297297297,68.98359073359073,-1.2393822393822393,-13.02307719938108,10.713631581088471
preflop-warrior,132,677,57.0384047267356,69.22156573116692,12.183161004431314,2.956364267717553,21.821199795962197
the big dog,120,603,57.685737976782754,69.2893864013267,11.603648424543946,-0.6969449230952056,24.223444901315787
China #1,117,599,69.71035058430718,71.67362270450751,1.9632721202003338,-9.736989392560572,14.23261841506854
jongwon,132,670,66.26194029850747,75.74701492537314,9.485074626865671,-1.2433859649122807,20.14171487951149
fold-a2,125,618,69.22977346278317,80.04126213592232,10.81148867313916,0.5548357045176142,20.987308190475694
Jason_idea,102,532,131.01503759398497,172.34868421052633,41.33364661654135,19.66567094035147,62.19444971537001
Pookie Bot,119,615,193.68130081300814,232.59349593495935,38.91219512195122,19.32806650922597,59.006626605842385
